name,cover,province_id,city_id,district_id,address,latitude,longitude,contact_number,opening_hours,court_types,is_indoor,facilities,court_qty,base_price,description,rating,enrolling_count,status
朗茬网球俱乐部(密云城区中心店）,https://static.poptennis.com.cn/court/1768728941013gl3HCxVWEY.webp,11,1,18,新中街185号,40.365243,116.853818,15010353537,"[{""weekdays"": [1, 2, 3, 4, 5, 6, 7], ""start_time"": ""06:00"", ""end_time"": ""23:30""}]",[0],[1],"{""store"": ""https://static.poptennis.com.cn/court/icon/store.webp"", ""no_smoking"": ""https://static.poptennis.com.cn/court/icon/no_smoking.webp"", ""lounge"": ""https://static.poptennis.com.cn/court/icon/lounge.webp"", ""ac"": ""https://static.poptennis.com.cn/court/icon/ac.webp"", ""restroom"": ""https://static.poptennis.com.cn/court/icon/restroom.webp""}",3,191,这里不错,0.0,0,0
密云⼀颗⽹球俱乐部,https://static.poptennis.com.cn/court/1768728941013gl3HCxVWEY.webp,11,1,18,沙河早市5 号楼304,40.386472,116.856417,18310976253,"[{""weekdays"": [1, 2, 3, 4, 5, 6, 7], ""start_time"": ""06:00"", ""end_time"": ""23:30""}]",[0],"[1, 0]",{},4,157,这里不错,0.0,0,0
永煜网球俱乐部,https://static.poptennis.com.cn/court/1768728941013gl3HCxVWEY.webp,11,1,17,世纪隆购物中心步行1.3km,40.147239,117.115629,13611228179,"[{""weekdays"": [1, 2, 3, 4, 5, 6, 7], ""start_time"": ""09:00"", ""end_time"": ""22:00""}]",[0],[1],{},1,108,这里不错,0.0,0,0
乐动力桃花运动中心(原平谷体育中心),https://static.poptennis.com.cn/court/1768728941013gl3HCxVWEY.webp,11,1,17,体育中心西路60号,40.149763,117.077206,,"[{""weekdays"": [1, 2, 3, 4, 5, 6, 7], ""start_time"": ""09:00"", ""end_time"": ""21:00""}]",[0],[0],{},1,124,这里不错,0.0,0,0
马坡网球中心,https://static.poptennis.com.cn/court/1768728941013gl3HCxVWEY.webp,11,1,13,良白路马卷村南临1号,40.174807,116.617187,17611030809,"[{""weekdays"": [1, 2, 3, 4, 5, 6, 7], ""start_time"": ""08:00"", ""end_time"": ""22:00""}]",[0],"[1, 0]","{""store"": ""https://static.poptennis.com.cn/court/icon/store.webp"", ""change"": ""https://static.poptennis.com.cn/court/icon/change.webp"", ""heating"": ""https://static.poptennis.com.cn/court/icon/heating.webp"", ""rent"": ""https://static.poptennis.com.cn/court/icon/rent.webp""}",4,134,这里不错,0.0,0,0
DH网球俱乐部,https://static.poptennis.com.cn/court/1768728941013gl3HCxVWEY.webp,11,1,13,馨园五路与安华街交叉口西南360米,40.081227,116.521916,15010168146,"[{""weekdays"": [1, 2, 3, 4, 5, 6, 7], ""start_time"": ""06:00"", ""end_time"": ""22:00""}]",[0],[1],"{""no_smoking"": ""https://static.poptennis.com.cn/court/icon/no_smoking.webp"", ""lounge"": ""https://static.poptennis.com.cn/court/icon/lounge.webp"", ""ac"": ""https://static.poptennis.com.cn/court/icon/ac.webp"", ""restroom"": ""https://static.poptennis.com.cn/court/icon/restroom.webp""}",3,116,这里不错,0.0,0,0
凤凰红土网球场,https://static.poptennis.com.cn/court/1768728941013gl3HCxVWEY.webp,11,1,13,裕园路762乡,40.087061,116.506586,18514753573,"[{""weekdays"": [1, 2, 3, 4, 5, 6, 7], ""start_time"": ""06:00"", ""end_time"": ""24:00""}]",[0],[0],{},1,107,这里不错,0.0,0,0
TENNIS 360网球馆,https://static.poptennis.com.cn/court/1768728941013gl3HCxVWEY.webp,11,1,13,天柱东路甲6号,40.067366,116.569507,13520465517,"[{""weekdays"": [1, 2, 3, 4, 5, 6, 7], ""start_time"": ""08:00"", ""end_time"": ""22:00""}]",[0],[1],"{""store"": ""https://static.poptennis.com.cn/court/icon/store.webp"", ""no_smoking"": ""https://static.poptennis.com.cn/court/icon/no_smoking.webp"", ""lounge"": ""https://static.poptennis.com.cn/court/icon/lounge.webp"", ""ac"": ""https://static.poptennis.com.cn/court/icon/ac.webp"", ""restroom"": ""https://static.poptennis.com.cn/court/icon/restroom.webp"", ""shower"": ""https://static.poptennis.com.cn/court/icon/shower.webp""}",5,152,这里不错,0.0,0,0
飞凡动力网球俱乐部-天竺店,https://static.poptennis.com.cn/court/1768728941013gl3HCxVWEY.webp,11,1,13,天竺镇府前二街13号院,40.064657,116.576867,16518860110,"[{""weekdays"": [1, 2, 3, 4, 5, 6, 7], ""start_time"": ""06:00"", ""end_time"": ""22:00""}]",[0],[1],{},2,162,这里不错,0.0,0,0
RTG国际网球俱乐部(耀悦室外校区),https://static.poptennis.com.cn/court/1768728941013gl3HCxVWEY.webp,11,1,13,后沙峪地区左堤路西甲3号(北京耀悦体育馆),40.103855,116.511506,13141231229,"[{""weekdays"": [1, 2, 3, 4, 5, 6, 7], ""start_time"": ""09:00"", ""end_time"": ""22:00""}]",[0],[1],"{""store"": ""https://static.poptennis.com.cn/court/icon/store.webp"", ""no_smoking"": ""https://static.poptennis.com.cn/court/icon/no_smoking.webp"", ""lounge"": ""https://static.poptennis.com.cn/court/icon/lounge.webp"", ""ac"": ""https://static.poptennis.com.cn/court/icon/ac.webp"", ""restroom"": ""https://static.poptennis.com.cn/court/icon/restroom.webp"", ""shower"": ""https://static.poptennis.com.cn/court/icon/shower.webp""}",4,178,这里不错,0.0,0,0
丽斯花园网球场,https://static.poptennis.com.cn/court/1768728941013gl3HCxVWEY.webp,11,1,13,空港街道开发街16号丽斯花园别墅南区,40.042812,116.567791,18519999750,"[{""weekdays"": [1, 2, 3, 4, 5, 6, 7], ""start_time"": ""08:00"", ""end_time"": ""20:00""}]",[0],[0],{},1,197,这里不错,0.0,0,0
鹏林网球俱乐部,https://static.poptennis.com.cn/court/1768728941013gl3HCxVWEY.webp,11,1,13,古城路与古城村西大街交叉口北240米,40.095183,116.494499,18301381963,"[{""weekdays"": [1, 2, 3, 4, 5, 6, 7], ""start_time"": ""08:00"", ""end_time"": ""22:00""}]",[0],[1],"{""store"": ""https://static.poptennis.com.cn/court/icon/store.webp"", ""no_smoking"": ""https://static.poptennis.com.cn/court/icon/no_smoking.webp"", ""lounge"": ""https://static.poptennis.com.cn/court/icon/lounge.webp"", ""ac"": ""https://static.poptennis.com.cn/court/icon/ac.webp"", ""restroom"": ""https://static.poptennis.com.cn/court/icon/restroom.webp""}",4,130,这里不错,0.0,0,0
态尼斯网球(室内店),https://static.poptennis.com.cn/court/1768728941013gl3HCxVWEY.webp,11,1,13,15号线后沙峪,40.097225,116.532187,13641380454,"[{""weekdays"": [1, 2, 3, 4, 5, 6, 7], ""start_time"": ""06:00"", ""end_time"": ""23:00""}]",[0],"[1, 0]","{""store"": ""https://static.poptennis.com.cn/court/icon/store.webp"", ""no_smoking"": ""https://static.poptennis.com.cn/court/icon/no_smoking.webp"", ""restroom"": ""https://static.poptennis.com.cn/court/icon/restroom.webp""}",7,185,这里不错,0.0,0,0
北京国测国际会议会展中心网球场,https://static.poptennis.com.cn/court/1768728941013gl3HCxVWEY.webp,11,1,13,汇海南路与鑫桥南路交叉口西北240米,40.04446,116.650395,50907998,"[{""weekdays"": [1, 2, 3, 4, 5, 6, 7], ""start_time"": ""09:00"", ""end_time"": ""21:00""}]",[0],[1],{},4,134,这里不错,0.0,0,0
菁苗网球俱乐部(后沙峪校区),https://static.poptennis.com.cn/court/1768728941013gl3HCxVWEY.webp,11,1,13,铁回路后沙峪开发区南2门,40.108788,116.567588,13269237905,"[{""weekdays"": [1, 2, 3, 4, 5, 6, 7], ""start_time"": ""08:00"", ""end_time"": ""22:00""}]",[0],[1],{},2,162,这里不错,0.0,0,0
童牛小镇体育,https://static.poptennis.com.cn/court/1768728941013gl3HCxVWEY.webp,11,1,16,庙城镇焦高路西头,40.275213,116.621637,13426246701,"[{""weekdays"": [1, 2, 3, 4, 5, 6, 7], ""start_time"": ""08:00"", ""end_time"": ""22:00""}]",[0],[1],"{""store"": ""https://static.poptennis.com.cn/court/icon/store.webp"", ""no_smoking"": ""https://static.poptennis.com.cn/court/icon/no_smoking.webp"", ""lounge"": ""https://static.poptennis.com.cn/court/icon/lounge.webp"", ""ac"": ""https://static.poptennis.com.cn/court/icon/ac.webp"", ""restroom"": ""https://static.poptennis.com.cn/court/icon/restroom.webp""}",1,184,这里不错,0.0,0,0
世园国际匹克球运动中心,https://static.poptennis.com.cn/court/1768728941013gl3HCxVWEY.webp,11,1,19,北京世园公园国际馆B馆,40.442322,115.95677,13693570451,"[{""weekdays"": [1, 2, 3, 4, 5, 6, 7], ""start_time"": ""10:00"", ""end_time"": ""12:00""}]",[0],[1],{},2,141,这里不错,0.0,0,0
梦起源网球馆,https://static.poptennis.com.cn/court/1768728941013gl3HCxVWEY.webp,11,1,19,湖南东路16号,40.451796,115.988858,13693570451,"[{""weekdays"": [1, 2, 3, 4, 5, 6, 7], ""start_time"": ""10:00"", ""end_time"": ""12:00""}]",[0],[1],{},2,109,这里不错,0.0,0,0
YY 网球运动中心·网球场地·网球,https://static.poptennis.com.cn/court/1768728941013gl3HCxVWEY.webp,11,1,9,龙泉地区门头沟城子大街西100米九狮壁(北京)体育文化有限公司,39.947682,116.100612,17611176648,"[{""weekdays"": [1, 2, 3, 4, 5, 6, 7], ""start_time"": ""08:00"", ""end_time"": ""22:00""}]",[0],[0],{},3,104,这里不错,0.0,0,0
网冠网球馆(房山店),https://static.poptennis.com.cn/court/1768728941013gl3HCxVWEY.webp,11,1,11,房山线良乡大学城西,39.723159,116.176541,15790694312,"[{""weekdays"": [1, 2, 3, 4, 5, 6, 7], ""start_time"": ""08:00"", ""end_time"": ""22:00""}]",[0],[1],{},4,148,这里不错,0.0,0,0
拱辰街道体育馆,https://static.poptennis.com.cn/court/1768728941013gl3HCxVWEY.webp,11,1,11,于管营村委会西190米,39.718727,116.164332,,"[{""weekdays"": [1, 2, 3, 4, 5, 6, 7], ""start_time"": ""08:00"", ""end_time"": ""22:00""}]",[0],[1],{},1,174,这里不错,0.0,0,0
得乐网球(西罗园网球场),https://static.poptennis.com.cn/court/1768728941013gl3HCxVWEY.webp,11,1,15,西罗园路与南三环中路辅路交叉口北220,39.857228,116.394244,18518533633,"[{""weekdays"": [1, 2, 3, 4, 5, 6, 7], ""start_time"": ""08:00"", ""end_time"": ""22:00""}]",[0],[0],{},4,183,这里不错,0.0,0,0
Prime Tennis铂金网球,https://static.poptennis.com.cn/court/1768728941013gl3HCxVWEY.webp,11,1,15,北京市大兴区全季酒店育乐网球大兴荟聚店育乐网球(大兴荟聚店),39.790126,116.327163,18513391826,"[{""weekdays"": [1, 2, 3, 4, 5, 6, 7], ""start_time"": ""08:00"", ""end_time"": ""22:00""}]",[0],[1],{},2,172,这里不错,0.0,0,0
趣打网球(室内店),https://static.poptennis.com.cn/court/1768728941013gl3HCxVWEY.webp,11,1,15,博兴八路13号,39.766472,116.499856,13141254222,"[{""weekdays"": [1, 2, 3, 4, 5, 6, 7], ""start_time"": ""08:00"", ""end_time"": ""18:00""}]",[0],[1],"{""no_smoking"": ""https://static.poptennis.com.cn/court/icon/no_smoking.webp"", ""lounge"": ""https://static.poptennis.com.cn/court/icon/lounge.webp"", ""ac"": ""https://static.poptennis.com.cn/court/icon/ac.webp"", ""restroom"": ""https://static.poptennis.com.cn/court/icon/restroom.webp"", ""shower"": ""https://static.poptennis.com.cn/court/icon/shower.webp""}",2,197,这里不错,0.0,0,0
毅思趣网球俱乐部(维恩堡店,https://static.poptennis.com.cn/court/1768728941013gl3HCxVWEY.webp,11,1,15,旧宫镇科技路一号,39.810568,116.44922,,"[{""weekdays"": [1, 2, 3, 4, 5, 6, 7], ""start_time"": ""06:00"", ""end_time"": ""23:00""}]",[0],[0],"{""no_smoking"": ""https://static.poptennis.com.cn/court/icon/no_smoking.webp"", ""lounge"": ""https://static.poptennis.com.cn/court/icon/lounge.webp""}",1,137,这里不错,0.0,0,0
越动网球俱乐部,https://static.poptennis.com.cn/court/1768728941013gl3HCxVWEY.webp,11,1,15,旧宫镇隆德路1号逸龙星体育公园内,39.803087,116.455938,,"[{""weekdays"": [1, 2, 3, 4, 5, 6, 7], ""start_time"": ""08:00"", ""end_time"": ""22:00""}]",[0],[0],{},1,166,这里不错,0.0,0,0
OPeNSTAR网球俱乐部,https://static.poptennis.com.cn/court/1768728941013gl3HCxVWEY.webp,11,1,15,南四环东路城外诚家居广场3层,39.836097,116.447908,15801360082,"[{""weekdays"": [1, 2, 3, 4, 5, 6, 7], ""start_time"": ""09:00"", ""end_time"": ""22:00""}]",[0],[1],{},2,106,这里不错,0.0,0,0
旺兴湖网球俱乐部,https://static.poptennis.com.cn/court/1768728941013gl3HCxVWEY.webp,11,1,15,庑殿路15号(成和园小区正门南侧),39.81688,116.434428,18514777108,"[{""weekdays"": [1, 2, 3, 4, 5, 6, 7], ""start_time"": ""07:00"", ""end_time"": ""22:00""}]",[0],"[1, 0]",{},5,150,这里不错,0.0,0,0
永承国际网球俱乐部,https://static.poptennis.com.cn/court/1768728941013gl3HCxVWEY.webp,11,1,15,兴盛工业园同济中路7号5号楼,39.792883,116.52229,13436818284,"[{""weekdays"": [1, 2, 3, 4, 5, 6, 7], ""start_time"": ""07:00"", ""end_time"": ""23:00""}]",[0],[1],"{""store"": ""https://static.poptennis.com.cn/court/icon/store.webp"", ""no_smoking"": ""https://static.poptennis.com.cn/court/icon/no_smoking.webp"", ""lounge"": ""https://static.poptennis.com.cn/court/icon/lounge.webp"", ""ac"": ""https://static.poptennis.com.cn/court/icon/ac.webp"", ""restroom"": ""https://static.poptennis.com.cn/court/icon/restroom.webp"", ""shower"": ""https://static.poptennis.com.cn/court/icon/shower.webp""}",2,143,这里不错,0.0,0,0
未来一号网球羽毛球篮球体育公园(亦庄店,https://static.poptennis.com.cn/court/1768728941013gl3HCxVWEY.webp,11,1,15,兴盛街与永昌东二路交叉口东南200米,39.794145,116.521316,19913233846,"[{""weekdays"": [1, 2, 3, 4, 5, 6, 7], ""start_time"": ""08:00"", ""end_time"": ""18:00""}]",[0],[1],{},1,114,这里不错,0.0,0,0
蓝星网球室内俱乐部,https://static.poptennis.com.cn/court/1768728941013gl3HCxVWEY.webp,11,1,15,东马路99号玉华林玻璃城内,39.811648,116.475413,15117900863,"[{""weekdays"": [1, 2, 3, 4, 5, 6, 7], ""start_time"": ""08:00"", ""end_time"": ""23:00""}]",[0],[1],"{""lounge"": ""https://static.poptennis.com.cn/court/icon/lounge.webp"", ""ac"": ""https://static.poptennis.com.cn/court/icon/ac.webp"", ""restroom"": ""https://static.poptennis.com.cn/court/icon/restroom.webp"", ""rent"": ""https://static.poptennis.com.cn/court/icon/rent.webp"", ""free_food"": ""https://static.poptennis.com.cn/court/icon/free_food.webp""}",2,123,这里不错,0.0,0,0
未来壹号红土网球运动中心(,https://static.poptennis.com.cn/court/1768728941013gl3HCxVWEY.webp,11,1,15,隆华路与旧忠路交叉口西140米,39.797472,116.451624,13811966927,"[{""weekdays"": [1, 2, 3, 4, 5, 6, 7], ""start_time"": ""08:00"", ""end_time"": ""18:00""}]",[0],[1],"{""store"": ""https://static.poptennis.com.cn/court/icon/store.webp"", ""no_smoking"": ""https://static.poptennis.com.cn/court/icon/no_smoking.webp"", ""lounge"": ""https://static.poptennis.com.cn/court/icon/lounge.webp"", ""ac"": ""https://static.poptennis.com.cn/court/icon/ac.webp"", ""restroom"": ""https://static.poptennis.com.cn/court/icon/restroom.webp"", ""shower"": ""https://static.poptennis.com.cn/court/icon/shower.webp""}",4,173,这里不错,0.0,0,0
得乐网球培训,https://static.poptennis.com.cn/court/1768728941013gl3HCxVWEY.webp,11,1,14,4号线高米店南,40.220952,116.231034,13911529021,"[{""weekdays"": [1, 2, 3, 4, 5, 6, 7], ""start_time"": ""08:00"", ""end_time"": ""22:00""}]",[0],[0],{},3,192,这里不错,0.0,0,0
正赛嘉篮球俱乐部,https://static.poptennis.com.cn/court/1768728941013gl3HCxVWEY.webp,11,1,14,13号线回龙观,40.064687,116.324618,18601245330,"[{""weekdays"": [1, 2, 3, 4, 5, 6, 7], ""start_time"": ""08:00"", ""end_time"": ""22:00""}]",[0],[1],"{""no_smoking"": ""https://static.poptennis.com.cn/court/icon/no_smoking.webp"", ""lounge"": ""https://static.poptennis.com.cn/court/icon/lounge.webp"", ""ac"": ""https://static.poptennis.com.cn/court/icon/ac.webp"", ""restroom"": ""https://static.poptennis.com.cn/court/icon/restroom.webp""}",3,154,这里不错,0.0,0,0
回龙观体育公园-网球场,https://static.poptennis.com.cn/court/1768728941013gl3HCxVWEY.webp,11,1,14,回龙观体育文化公园西门东45米,40.077894,116.34198,13522591911,"[{""weekdays"": [1, 2, 3, 4, 5, 6, 7], ""start_time"": ""08:00"", ""end_time"": ""22:00""}]",[0],[0],{},4,124,这里不错,0.0,0,0
九华国际运动中心,https://static.poptennis.com.cn/court/1768728941013gl3HCxVWEY.webp,11,1,14,小汤山沙顺路75号九华国际会展中心C座,40.183866,116.419968,15810493657,"[{""weekdays"": [1, 2, 3, 4, 5, 6, 7], ""start_time"": ""09:00"", ""end_time"": ""21:00""}]",[0],[1],{},24,184,这里不错,0.0,0,0
馨朗界(奥北)网球俱乐部,https://static.poptennis.com.cn/court/1768728941013gl3HCxVWEY.webp,11,1,14,北京市昌平区王府花园网球场,40.10665,116.403754,370880858,"[{""weekdays"": [1, 2, 3, 4, 5, 6, 7], ""start_time"": ""08:00"", ""end_time"": ""22:00""}]",[0],[0],"{""lounge"": ""https://static.poptennis.com.cn/court/icon/lounge.webp""}",2,197,这里不错,0.0,0,0
乐动力回龙观体育中心,https://static.poptennis.com.cn/court/1768728941013gl3HCxVWEY.webp,11,1,14,13号线回龙观 836米,40.064687,116.324618,18601245330,"[{""weekdays"": [1, 2, 3, 4, 5, 6, 7], ""start_time"": ""08:00"", ""end_time"": ""22:00""}]",[0],[1],{},3,137,这里不错,0.0,0,0
挥悦网球,https://static.poptennis.com.cn/court/1768728941013gl3HCxVWEY.webp,11,1,14,西三旗北路新康园-3期12号楼底商2层,40.065548,116.349678,18611728146,"[{""weekdays"": [1, 2, 3, 4, 5, 6, 7], ""start_time"": ""07:00"", ""end_time"": ""22:00""}]",[0],"[1, 0]",{},10,186,这里不错,0.0,0,0
拓能壹加网球俱乐部,https://static.poptennis.com.cn/court/1768728941013gl3HCxVWEY.webp,11,1,14,北三环东路甲6号格兰云天大酒店2幢1层,39.961327,116.439934,18270863563,"[{""weekdays"": [1, 2, 3, 4, 5, 6, 7], ""start_time"": ""07:00"", ""end_time"": ""22:00""}]",[0],[0],{},3,117,这里不错,0.0,0,0
上东体育中心·网球篮球足球匹,https://static.poptennis.com.cn/court/1768728941013gl3HCxVWEY.webp,11,1,14,太平庄中街与42公里绿道交叉口东120米,40.066816,116.404345,15910820335,"[{""weekdays"": [1, 2, 3, 4, 5, 6, 7], ""start_time"": ""07:00"", ""end_time"": ""23:00""}]",[0],[0],{},23,102,这里不错,0.0,0,0
埃德网球俱乐部(,https://static.poptennis.com.cn/court/1768728941013gl3HCxVWEY.webp,11,1,14,东升科技园路与西小口路交叉口南行30米西侧停车场进门右边 ,40.049466,116.358736,13021235627,"[{""weekdays"": [1, 2, 3, 4, 5, 6, 7], ""start_time"": ""07:00"", ""end_time"": ""23:30""}]",[0],"[1, 0]",{},5,105,这里不错,0.0,0,0
干行网球学院,https://static.poptennis.com.cn/court/1768728941013gl3HCxVWEY.webp,11,1,14,昌平路碧水庄园14号碧水网球,40.118656,116.293151,,"[{""weekdays"": [1, 2, 3, 4, 5, 6, 7], ""start_time"": ""08:00"", ""end_time"": ""23:00""}]",[0],[1],"{""no_smoking"": ""https://static.poptennis.com.cn/court/icon/no_smoking.webp"", ""shower"": ""https://static.poptennis.com.cn/court/icon/shower.webp""}",1,140,这里不错,0.0,0,0
龙域网球场,https://static.poptennis.com.cn/court/1768728941013gl3HCxVWEY.webp,11,1,14,龙域中心A座龙域网球场,40.067424,116.316892,18811100567,"[{""weekdays"": [1, 2, 3, 4, 5, 6, 7], ""start_time"": ""07:00"", ""end_time"": ""22:00""}]",[0],[0],{},2,120,这里不错,0.0,0,0
得乐网球·北关网球馆,https://static.poptennis.com.cn/court/1768728941013gl3HCxVWEY.webp,11,1,12,迪帆国际幼儿园东南1门旁,39.936798,116.655416,13911980705,"[{""weekdays"": [1, 2, 3, 4, 5, 6, 7], ""start_time"": ""08:00"", ""end_time"": ""22:00""}]",[0],[1],{},4,196,这里不错,0.0,0,0
大运河森林公园网球场,https://static.poptennis.com.cn/court/1768728941013gl3HCxVWEY.webp,11,1,12,云帆路大运河庙停车场北230米,39.882591,116.749664,1910623151,"[{""weekdays"": [1, 2, 3, 4, 5, 6, 7], ""start_time"": ""06:00"", ""end_time"": ""22:00""}]",[0],[0],{},3,194,这里不错,0.0,0,0
网之乐网球俱乐部,https://static.poptennis.com.cn/court/1768728941013gl3HCxVWEY.webp,11,1,12,杨庄西果园甲156号机动车检测场园区内,39.897523,116.627815,13973101547,"[{""weekdays"": [1, 2, 3, 4, 5, 6, 7], ""start_time"": ""06:00"", ""end_time"": ""24:00""}]",[0],[0],{},2,104,这里不错,0.0,0,0
金徽北京网球中心,https://static.poptennis.com.cn/court/1768728941013gl3HCxVWEY.webp,11,1,12,嘉创五路3号院,39.808581,116.566706,15910799775,"[{""weekdays"": [1, 2, 3, 4, 5, 6, 7], ""start_time"": ""07:00"", ""end_time"": ""23:00""}]",[0],[1],{},3,196,这里不错,0.0,0,0
X·D不被定义网球(77文创园店),https://static.poptennis.com.cn/court/1768728941013gl3HCxVWEY.webp,11,1,1,77文929.1号楼4层天台,0.0,0.0,13520076777,"[{""weekdays"": [1, 2, 3, 4, 5, 6, 7], ""start_time"": ""08:00"", ""end_time"": ""22:00""}]",[0],[0],{},1,168,这里不错,0.0,0,0
北京体育馆,https://static.poptennis.com.cn/court/1768728941013gl3HCxVWEY.webp,11,1,1,体育馆路甲2号,39.882869,116.42939,,"[{""weekdays"": [1, 2, 3, 4, 5, 6, 7], ""start_time"": ""08:00"", ""end_time"": ""18:00""}]",[0],[1],{},1,176,这里不错,0.0,0,0
XD不被定义网球馆(龙潭湖体育馆),https://static.poptennis.com.cn/court/1768728941013gl3HCxVWEY.webp,11,1,1,左安门内大街59号(龙潭湖体育馆内),39.875781,116.44032,13241777400,"[{""weekdays"": [1, 2, 3, 4, 5, 6, 7], ""start_time"": ""09:00"", ""end_time"": ""22:00""}]",[0],[1],"{""store"": ""https://static.poptennis.com.cn/court/icon/store.webp"", ""change"": ""https://static.poptennis.com.cn/court/icon/change.webp"", ""heating"": ""https://static.poptennis.com.cn/court/icon/heating.webp""}",1,171,这里不错,0.0,0,0
龙潭中湖公园-网球场,https://static.poptennis.com.cn/court/1768728941013gl3HCxVWEY.webp,11,1,1,龙潭路甲1号龙潭中湖公园(南侧,39.876755,116.432072,13241777400,"[{""weekdays"": [1, 2, 3, 4, 5, 6, 7], ""start_time"": ""09:00"", ""end_time"": ""22:00""}]",[0],"[1, 0]",{},2,127,这里不错,0.0,0,0
天坛体育活动中心网球馆,https://static.poptennis.com.cn/court/1768728941013gl3HCxVWEY.webp,11,1,1,天坛东路13号天坛体育中心,39.890495,116.412757,18801268701,"[{""weekdays"": [1, 2, 3, 4, 5, 6, 7], ""start_time"": ""08:00"", ""end_time"": ""22:00""}]",[0],[1],{},4,192,这里不错,0.0,0,0
国家体育总局新网球馆,https://static.poptennis.com.cn/court/1768728941013gl3HCxVWEY.webp,11,1,1,天坛东路50号,39.874514,116.42313,1830207837,"[{""weekdays"": [1, 2, 3, 4, 5, 6, 7], ""start_time"": ""06:00"", ""end_time"": ""24:00""}]",[0],[0],{},4,124,这里不错,0.0,0,0
广安网球天地,https://static.poptennis.com.cn/court/1768728941013gl3HCxVWEY.webp,11,1,2,登莱胡同26号(中国消防救援旁),39.893059,116.357123,83513492,"[{""weekdays"": [1, 2, 3, 4, 5, 6, 7], ""start_time"": ""07:00"", ""end_time"": ""22:00""}]",[0],[1],{},2,181,这里不错,0.0,0,0
康乐特·雨露润泽网球俱乐部,https://static.poptennis.com.cn/court/1768728941013gl3HCxVWEY.webp,11,1,2,城南街道中关村科技园区昌平园白浮泉路18号,40.200111,116.242225,15313713993,"[{""weekdays"": [1, 2, 3, 4, 5, 6, 7], ""start_time"": ""06:00"", ""end_time"": ""24:00""}]",[0],[1],{},2,158,这里不错,0.0,0,0
万商网球馆,https://static.poptennis.com.cn/court/1768728941013gl3HCxVWEY.webp,11,1,7,银河大街1号,39.905653,116.219559,18510408282,"[{""weekdays"": [1, 2, 3, 4, 5, 6, 7], ""start_time"": ""08:00"", ""end_time"": ""22:00""}]",[0],[1],{},4,181,这里不错,0.0,0,0
万商网球馆,https://static.poptennis.com.cn/court/1768728941013gl3HCxVWEY.webp,11,1,7,金顶山路33号翠源山庄北京铁路职工培训中心,39.940954,116.169704,15810153853,"[{""weekdays"": [1, 2, 3, 4, 5, 6, 7], ""start_time"": ""08:00"", ""end_time"": ""22:00""}]",[0],[1],{},1,161,这里不错,0.0,0,0
网动网球(泰然体育中心校区),https://static.poptennis.com.cn/court/1768728941013gl3HCxVWEY.webp,11,1,7,兴悦路与城通街交叉口西南60米,39.9059,116.18212,18511007656,"[{""weekdays"": [1, 2, 3, 4, 5, 6, 7], ""start_time"": ""08:00"", ""end_time"": ""22:00""}]",[0],[1],{},2,168,这里不错,0.0,0,0
京西大本营网球馆,https://static.poptennis.com.cn/court/1768728941013gl3HCxVWEY.webp,11,1,7,橘龄此渙急г叭謬钵次桥北路冬奥公园马拉松大本营,39.87697,116.20758,,"[{""weekdays"": [1, 2, 3, 4, 5, 6, 7], ""start_time"": ""08:00"", ""end_time"": ""22:00""}]",[0],[1],{},7,125,这里不错,0.0,0,0
优瑭网球馆,https://static.poptennis.com.cn/court/1768728941013gl3HCxVWEY.webp,11,1,5,东窑村525号-金盏国际体育小镇-,39.995234,116.601833,18601909068,"[{""weekdays"": [1, 2, 3, 4, 5, 6, 7], ""start_time"": ""07:00"", ""end_time"": ""23:00""}]",[0],[1],"{""store"": ""https://static.poptennis.com.cn/court/icon/store.webp"", ""heating"": ""https://static.poptennis.com.cn/court/icon/heating.webp""}",6,108,这里不错,0.0,0,0
权景网球培训学院,https://static.poptennis.com.cn/court/1768728941013gl3HCxVWEY.webp,11,1,5,顺白路28号一号地国际艺术区D区(近一号地园区南门),39.898977,116.557254,18801313197,"[{""weekdays"": [1, 2, 3, 4, 5, 6, 7], ""start_time"": ""08:00"", ""end_time"": ""23:00""}]",[0],[1],{},1,147,这里不错,0.0,0,0
保利朝林A8网球馆,https://static.poptennis.com.cn/court/1768728941013gl3HCxVWEY.webp,11,1,5,崔各庄机场辅路122号保利朝林文创园A-8馆),40.02013,116.539919,15210200960,"[{""weekdays"": [1, 2, 3, 4, 5, 6, 7], ""start_time"": ""07:00"", ""end_time"": ""23:00""}]",[0],[1],{},1,178,这里不错,0.0,0,0
合拍网球培训(金盏店),https://static.poptennis.com.cn/court/1768728941013gl3HCxVWEY.webp,11,1,5,机场辅路东营村123号,40.017717,116.532216,15001029667,"[{""weekdays"": [1, 2, 3, 4, 5, 6, 7], ""start_time"": ""07:00"", ""end_time"": ""23:00""}]",[0],[1],"{""restroom"": ""https://static.poptennis.com.cn/court/icon/restroom.webp""}",5,141,这里不错,0.0,0,0
动之光网球场(浩华文创园店),https://static.poptennis.com.cn/court/1768728941013gl3HCxVWEY.webp,11,1,5,观唐东路5号院浩华文创园,40.025764,116.507815,18513391826,"[{""weekdays"": [1, 2, 3, 4, 5, 6, 7], ""start_time"": ""06:00"", ""end_time"": ""22:00""}]",[0],[0],{},6,144,这里不错,0.0,0,0
动之光·宏昌竣网球馆,https://static.poptennis.com.cn/court/1768728941013gl3HCxVWEY.webp,11,1,5,来广营东路88号(宏昌竣体育公园内),40.030284,116.477854,18513391826,"[{""weekdays"": [1, 2, 3, 4, 5, 6, 7], ""start_time"": ""08:00"", ""end_time"": ""18:00""}]",[0],[1],{},7,173,这里不错,0.0,0,0
No996红土网球场,https://static.poptennis.com.cn/court/1768728941013gl3HCxVWEY.webp,11,1,5,将台地区崔各庄地区南影路9号中国电影博物馆西南角,39.996379,116.519648,13129881836,"[{""weekdays"": [1, 2, 3, 4, 5, 6, 7], ""start_time"": ""08:00"", ""end_time"": ""18:00""}]",[0],[0],"{""lounge"": ""https://static.poptennis.com.cn/court/icon/lounge.webp"", ""ac"": ""https://static.poptennis.com.cn/court/icon/ac.webp"", ""restroom"": ""https://static.poptennis.com.cn/court/icon/restroom.webp"", ""shower"": ""https://static.poptennis.com.cn/court/icon/shower.webp""}",2,180,这里不错,0.0,0,0
GogoSwing新生网球培训 匹克球(望京店),https://static.poptennis.com.cn/court/1768728941013gl3HCxVWEY.webp,11,1,5,来广营北路一号院内(天来运停车场),40.00314,116.382763,15611061928,"[{""weekdays"": [1, 2, 3, 4, 5, 6, 7], ""start_time"": ""06:00"", ""end_time"": ""22:00""}]",[0],[0],{},2,159,这里不错,0.0,0,0
中体一方网球培训,https://static.poptennis.com.cn/court/1768728941013gl3HCxVWEY.webp,11,1,5,广渠东路2号,39.887865,116.512032,13810304274,"[{""weekdays"": [1, 2, 3, 4, 5, 6, 7], ""start_time"": ""08:00"", ""end_time"": ""18:00""}]",[0],"[1, 0]","{""no_smoking"": ""https://static.poptennis.com.cn/court/icon/no_smoking.webp"", ""lounge"": ""https://static.poptennis.com.cn/court/icon/lounge.webp"", ""ac"": ""https://static.poptennis.com.cn/court/icon/ac.webp"", ""restroom"": ""https://static.poptennis.com.cn/court/icon/restroom.webp""}",10,193,这里不错,0.0,0,0
得乐网球培训(大鲁店),https://static.poptennis.com.cn/court/1768728941013gl3HCxVWEY.webp,11,1,5,海丰宝物流园  距马家湾湿地公园290m,39.840916,116.561404,13910283357,"[{""weekdays"": [1, 2, 3, 4, 5, 6, 7], ""start_time"": ""08:00"", ""end_time"": ""22:00""}]",[0],[1],"{""store"": ""https://static.poptennis.com.cn/court/icon/store.webp"", ""no_smoking"": ""https://static.poptennis.com.cn/court/icon/no_smoking.webp"", ""lounge"": ""https://static.poptennis.com.cn/court/icon/lounge.webp"", ""restroom"": ""https://static.poptennis.com.cn/court/icon/restroom.webp""}",4,160,这里不错,0.0,0,0
匠心之轮国际网球中心,https://static.poptennis.com.cn/court/1768728941013gl3HCxVWEY.webp,11,1,5,黑庄户地区郎辛庄村北万通路2号(扬州水乡青青家园会所富力又一城旁),39.847229,116.561419,,"[{""weekdays"": [1, 2, 3, 4, 5, 6, 7], ""start_time"": ""08:00"", ""end_time"": ""22:00""}]",[0],"[1, 0]",{},16,165,这里不错,0.0,0,0
RTG国际网球俱乐部(朝阳大悦城,https://static.poptennis.com.cn/court/1768728941013gl3HCxVWEY.webp,11,1,5,东五环住总塘悦影视小镇一号库) 距中国传媒大学步行1.5km,39.912312,116.557391,13141231229,"[{""weekdays"": [1, 2, 3, 4, 5, 6, 7], ""start_time"": ""09:00"", ""end_time"": ""22:00""}]",[0],[1],"{""store"": ""https://static.poptennis.com.cn/court/icon/store.webp"", ""no_smoking"": ""https://static.poptennis.com.cn/court/icon/no_smoking.webp"", ""ac"": ""https://static.poptennis.com.cn/court/icon/ac.webp"", ""restroom"": ""https://static.poptennis.com.cn/court/icon/restroom.webp""}",2,151,这里不错,0.0,0,0
杰瑞网球俱乐部(甘露园店),https://static.poptennis.com.cn/court/1768728941013gl3HCxVWEY.webp,11,1,5,八里庄街道朝阳北路112-15号(青年路地铁站B东北口步行340米),39.922459,116.511912,,"[{""weekdays"": [1, 2, 3, 4, 5, 6, 7], ""start_time"": ""07:00"", ""end_time"": ""21:00""}]",[0],[0],"{""no_smoking"": ""https://static.poptennis.com.cn/court/icon/no_smoking.webp"", ""lounge"": ""https://static.poptennis.com.cn/court/icon/lounge.webp"", ""restroom"": ""https://static.poptennis.com.cn/court/icon/restroom.webp""}",1,152,这里不错,0.0,0,0
一名网球馆,https://static.poptennis.com.cn/court/1768728941013gl3HCxVWEY.webp,11,1,5,双桥路6号院 距宇宙影视基地步行840m,39.883077,116.572786,,"[{""weekdays"": [1, 2, 3, 4, 5, 6, 7], ""start_time"": ""08:00"", ""end_time"": ""22:00""}]",[0],[1],"{""store"": ""https://static.poptennis.com.cn/court/icon/store.webp"", ""no_smoking"": ""https://static.poptennis.com.cn/court/icon/no_smoking.webp"", ""lounge"": ""https://static.poptennis.com.cn/court/icon/lounge.webp"", ""ac"": ""https://static.poptennis.com.cn/court/icon/ac.webp"", ""restroom"": ""https://static.poptennis.com.cn/court/icon/restroom.webp"", ""shower"": ""https://static.poptennis.com.cn/court/icon/shower.webp""}",2,172,这里不错,0.0,0,0
RTG国际网球俱乐部(安家校区),https://static.poptennis.com.cn/court/1768728941013gl3HCxVWEY.webp,11,1,5,东坝地区醉公坟甲5号21栋二层 距地铁姚家园站C口步行970m,39.952181,116.527994,13141231229,"[{""weekdays"": [1, 2, 3, 4, 5, 6, 7], ""start_time"": ""07:00"", ""end_time"": ""22:00""}]",[0],[1],"{""no_smoking"": ""https://static.poptennis.com.cn/court/icon/no_smoking.webp"", ""lounge"": ""https://static.poptennis.com.cn/court/icon/lounge.webp"", ""ac"": ""https://static.poptennis.com.cn/court/icon/ac.webp"", ""restroom"": ""https://static.poptennis.com.cn/court/icon/restroom.webp""}",3,164,这里不错,0.0,0,0
得乐网球培训(东坝店),https://static.poptennis.com.cn/court/1768728941013gl3HCxVWEY.webp,11,1,5,朝运街红松园26号院 距铁十六局东站公交站50m,39.965673,116.555223,13911529021,"[{""weekdays"": [1, 2, 3, 4, 5, 6, 7], ""start_time"": ""08:00"", ""end_time"": ""22:00""}]",[0],[0],"{""no_smoking"": ""https://static.poptennis.com.cn/court/icon/no_smoking.webp"", ""restroom"": ""https://static.poptennis.com.cn/court/icon/restroom.webp""}",2,190,这里不错,0.0,0,0
朝阳体育中心,https://static.poptennis.com.cn/court/1768728941013gl3HCxVWEY.webp,11,1,5,姚家园路77号 距地铁姚家园站C口步行540m,39.941092,116.523126,,"[{""weekdays"": [1, 2, 3, 4, 5, 6, 7], ""start_time"": ""10:00"", ""end_time"": ""22:00""}]",[0],"[1, 0]",{},24,192,这里不错,0.0,0,0
浩生体育网球俱乐部(东风9号店),https://static.poptennis.com.cn/court/1768728941013gl3HCxVWEY.webp,11,1,5,东风南路与朝阳站西路交汇处 ,39.948693,116.507329,18510053505,"[{""weekdays"": [1, 2, 3, 4, 5, 6, 7], ""start_time"": ""06:00"", ""end_time"": ""24:00""}]",[0],[0],"{""store"": ""https://static.poptennis.com.cn/court/icon/store.webp"", ""lounge"": ""https://static.poptennis.com.cn/court/icon/lounge.webp"", ""ac"": ""https://static.poptennis.com.cn/court/icon/ac.webp"", ""restroom"": ""https://static.poptennis.com.cn/court/icon/restroom.webp"", ""shower"": ""https://static.poptennis.com.cn/court/icon/shower.webp""}",4,116,这里不错,0.0,0,0
象果网球ECORN TENNIS PA,https://static.poptennis.com.cn/court/1768728941013gl3HCxVWEY.webp,11,1,5,观音堂社区夏日文化广场北侧 ,39.886466,116.523288,17611257677,"[{""weekdays"": [1, 2, 3, 4, 5, 6, 7], ""start_time"": ""06:00"", ""end_time"": ""23:00""}]",[0],[0],"{""store"": ""https://static.poptennis.com.cn/court/icon/store.webp"", ""no_smoking"": ""https://static.poptennis.com.cn/court/icon/no_smoking.webp"", ""lounge"": ""https://static.poptennis.com.cn/court/icon/lounge.webp"", ""ac"": ""https://static.poptennis.com.cn/court/icon/ac.webp"", ""restroom"": ""https://static.poptennis.com.cn/court/icon/restroom.webp"", ""shower"": ""https://static.poptennis.com.cn/court/icon/shower.webp""}",14,180,这里不错,0.0,0,0
柠远体育网球Lifetime Sports Tennis(匠心之轮店),https://static.poptennis.com.cn/court/1768728941013gl3HCxVWEY.webp,11,1,5,郎辛庄路1号匠心之轮国际网球中心内 距地铁7号线郎辛庄站B东北口步行670m,39.857861,116.575318,16619753602,"[{""weekdays"": [1, 2, 3, 4, 5, 6, 7], ""start_time"": ""08:00"", ""end_time"": ""22:00""}]",[0],[1],{},3,170,这里不错,0.0,0,0
艾锐斯体育小镇,https://static.poptennis.com.cn/court/1768728941013gl3HCxVWEY.webp,11,1,5,恒泰大厦东50米  距地铁6号线十里堡地铁站出口550m,39.922919,116.502052,,"[{""weekdays"": [1, 2, 3, 4, 5, 6, 7], ""start_time"": ""08:00"", ""end_time"": ""22:00""}]",[0],[0],{},13,123,这里不错,0.0,0,0
艾锐斯网球Ares tennis(国网校区,https://static.poptennis.com.cn/court/1768728941013gl3HCxVWEY.webp,11,1,5,奥运村街道林萃路国家网球中心k区),40.020644,116.378465,,"[{""weekdays"": [1, 2, 3, 4, 5, 6, 7], ""start_time"": ""08:00"", ""end_time"": ""23:00""}]",[0],[0],{},1,156,这里不错,0.0,0,0
燃动网球培训(朝阳大悦城,https://static.poptennis.com.cn/court/1768728941013gl3HCxVWEY.webp,11,1,5,晨光家园b区北43米 距地铁十里堡站B东北口步行1.1km,39.916575,116.504441,19331632563,"[{""weekdays"": [1, 2, 3, 4, 5, 6, 7], ""start_time"": ""08:00"", ""end_time"": ""18:00""}]",[0],[1],"{""no_smoking"": ""https://static.poptennis.com.cn/court/icon/no_smoking.webp"", ""lounge"": ""https://static.poptennis.com.cn/court/icon/lounge.webp"", ""restroom"": ""https://static.poptennis.com.cn/court/icon/restroom.webp""}",1,182,这里不错,0.0,0,0
海伦网球俱乐部,https://static.poptennis.com.cn/court/1768728941013gl3HCxVWEY.webp,11,1,5,石佛营路1号院内晨光家园北侧,39.927685,116.505082,18618224280,"[{""weekdays"": [1, 2, 3, 4, 5, 6, 7], ""start_time"": ""8:00"", ""end_time"": ""22:00""}]",[0],[0],{},4,193,这里不错,0.0,0,0
乐球网球场(百子湾店),https://static.poptennis.com.cn/court/1768728941013gl3HCxVWEY.webp,11,1,5,广百东路百子湾公共汽车站西门旁(No Ping Park陆冲滑板公园),39.894606,116.490877,15711271503,"[{""weekdays"": [1, 2, 3, 4, 5, 6, 7], ""start_time"": ""07:00"", ""end_time"": ""23:00""}]",[0],"[1, 0]","{""store"": ""https://static.poptennis.com.cn/court/icon/store.webp"", ""lounge"": ""https://static.poptennis.com.cn/court/icon/lounge.webp"", ""ac"": ""https://static.poptennis.com.cn/court/icon/ac.webp"", ""restroom"": ""https://static.poptennis.com.cn/court/icon/restroom.webp"", ""shower"": ""https://static.poptennis.com.cn/court/icon/shower.webp""}",6,127,这里不错,0.0,0,0
北京超感网球俱乐部,https://static.poptennis.com.cn/court/1768728941013gl3HCxVWEY.webp,11,1,5,平房乡平房北街135号鼎新科技产业园内,39.951146,116.541188,18710285961,"[{""weekdays"": [1, 2, 3, 4, 5, 6, 7], ""start_time"": ""09:00"", ""end_time"": ""21:00""}]",[0],"[1, 0]","{""store"": ""https://static.poptennis.com.cn/court/icon/store.webp"", ""lounge"": ""https://static.poptennis.com.cn/court/icon/lounge.webp"", ""ac"": ""https://static.poptennis.com.cn/court/icon/ac.webp"", ""restroom"": ""https://static.poptennis.com.cn/court/icon/restroom.webp"", ""shower"": ""https://static.poptennis.com.cn/court/icon/shower.webp""}",2,150,这里不错,0.0,0,0
Vita网球匹克球·酷爱(赛洛城店),https://static.poptennis.com.cn/court/1768728941013gl3HCxVWEY.webp,11,1,5,南磨房地区沿海赛洛城321号楼北侧运动公园,39.897166,116.506,13341135683,"[{""weekdays"": [1, 2, 3, 4, 5, 6, 7], ""start_time"": ""07:00"", ""end_time"": ""22:00""}]",[0],[0],"{""store"": ""https://static.poptennis.com.cn/court/icon/store.webp"", ""lounge"": ""https://static.poptennis.com.cn/court/icon/lounge.webp"", ""shower"": ""https://static.poptennis.com.cn/court/icon/shower.webp""}",2,128,这里不错,0.0,0,0
动之光·大望路网球馆,https://static.poptennis.com.cn/court/1768728941013gl3HCxVWEY.webp,11,1,5,百子湾路29号院西院2层,39.901319,116.475681,18310770105,"[{""weekdays"": [1, 2, 3, 4, 5, 6, 7], ""start_time"": ""08:00"", ""end_time"": ""24:00""}]",[0],[1],{},3,172,这里不错,0.0,0,0
得乐网球培训,https://static.poptennis.com.cn/court/1768728941013gl3HCxVWEY.webp,11,1,5,石佛营路十里堡北里一号,39.928037,116.50252,13051138521,"[{""weekdays"": [1, 2, 3, 4, 5, 6, 7], ""start_time"": ""08:00"", ""end_time"": ""22:00""}]",[0],[0],"{""no_smoking"": ""https://static.poptennis.com.cn/court/icon/no_smoking.webp"", ""lounge"": ""https://static.poptennis.com.cn/court/icon/lounge.webp""}",13,157,这里不错,0.0,0,0
OPeN STAR网球俱乐部(星河湾店),https://static.poptennis.com.cn/court/1768728941013gl3HCxVWEY.webp,11,1,5,四季星河南街星河湾酒店东侧 ,39.926259,116.526471,15313833680,"[{""weekdays"": [1, 2, 3, 4, 5, 6, 7], ""start_time"": ""08:00"", ""end_time"": ""22:00""}]",[0],[0],{},2,200,这里不错,0.0,0,0
齐动力网球(老山基地),https://static.poptennis.com.cn/court/1768728941013gl3HCxVWEY.webp,11,1,5,老山西街5号,39.915619,116.216129,57983688,"[{""weekdays"": [1, 2, 3, 4, 5, 6, 7], ""start_time"": ""08:00"", ""end_time"": ""20:00""}]",[0],[1],{},2,141,这里不错,0.0,0,0
启晨体育潞城全民健身中心网球馆,https://static.poptennis.com.cn/court/1768728941013gl3HCxVWEY.webp,11,1,5,全民健身中心三层网球馆,39.872945,116.431652,18614068548,"[{""weekdays"": [1, 2, 3, 4, 5, 6, 7], ""start_time"": ""08:00"", ""end_time"": ""22:00""}]",[0],[0],"{""store"": ""https://static.poptennis.com.cn/court/icon/store.webp"", ""no_smoking"": ""https://static.poptennis.com.cn/court/icon/no_smoking.webp"", ""lounge"": ""https://static.poptennis.com.cn/court/icon/lounge.webp"", ""ac"": ""https://static.poptennis.com.cn/court/icon/ac.webp"", ""restroom"": ""https://static.poptennis.com.cn/court/icon/restroom.webp"", ""shower"": ""https://static.poptennis.com.cn/court/icon/shower.webp""}",1,188,这里不错,0.0,0,0
浩生网球俱乐部,https://static.poptennis.com.cn/court/1768728941013gl3HCxVWEY.webp,11,1,5,驼房营路甲1号,39.979819,116.503341,15810553505,"[{""weekdays"": [1, 2, 3, 4, 5, 6, 7], ""start_time"": ""10:00"", ""end_time"": ""21:00""}]",[0],[1],"{""lounge"": ""https://static.poptennis.com.cn/court/icon/lounge.webp"", ""ac"": ""https://static.poptennis.com.cn/court/icon/ac.webp"", ""restroom"": ""https://static.poptennis.com.cn/court/icon/restroom.webp""}",4,175,这里不错,0.0,0,0
PadelOne板式网球匹克球,https://static.poptennis.com.cn/court/1768728941013gl3HCxVWEY.webp,11,1,5,酒仙桥北路9号恒通国际创新园,39.988106,116.492523,18610140996,"[{""weekdays"": [1, 2, 3, 4, 5, 6, 7], ""start_time"": ""07:00"", ""end_time"": ""22:00""}]",[0],[0],{},2,175,这里不错,0.0,0,0
银橄榄网球场,https://static.poptennis.com.cn/court/1768728941013gl3HCxVWEY.webp,11,1,5,亮马桥路40号,39.952236,116.472974,64664824,"[{""weekdays"": [1, 2, 3, 4, 5, 6, 7], ""start_time"": ""07:00"", ""end_time"": ""22:00""}]",[0],[0],"{""store"": ""https://static.poptennis.com.cn/court/icon/store.webp"", ""change"": ""https://static.poptennis.com.cn/court/icon/change.webp""}",4,125,这里不错,0.0,0,0
K·TENNIS克拉网球玩家俱乐部,https://static.poptennis.com.cn/court/1768728941013gl3HCxVWEY.webp,11,1,5,四元桥购物中心四楼(顶楼停车场),39.978908,116.461315,15110108801,"[{""weekdays"": [1, 2, 3, 4, 5, 6, 7], ""start_time"": ""07:00"", ""end_time"": ""23:00""}]",[0],[1],"{""store"": ""https://static.poptennis.com.cn/court/icon/store.webp"", ""no_smoking"": ""https://static.poptennis.com.cn/court/icon/no_smoking.webp"", ""lounge"": ""https://static.poptennis.com.cn/court/icon/lounge.webp"", ""ac"": ""https://static.poptennis.com.cn/court/icon/ac.webp"", ""restroom"": ""https://static.poptennis.com.cn/court/icon/restroom.webp"", ""shower"": ""https://static.poptennis.com.cn/court/icon/shower.webp""}",4,105,这里不错,0.0,0,0
郑洁网球汇(国贸店),https://static.poptennis.com.cn/court/1768728941013gl3HCxVWEY.webp,11,1,5,景恒街CBD文化体育广场内(国贸地铁站D西南口步行460米),39.907903,116.458473,17276422528,"[{""weekdays"": [1, 2, 3, 4, 5, 6, 7], ""start_time"": ""07:00"", ""end_time"": ""22:00""}]",[0],[0],{},2,100,这里不错,0.0,0,0
得乐网球培训(欢乐谷网球场店),https://static.poptennis.com.cn/court/1768728941013gl3HCxVWEY.webp,11,1,5,周家庄村111号,39.86204,116.481507,13911529021,"[{""weekdays"": [1, 2, 3, 4, 5, 6, 7], ""start_time"": ""08:00"", ""end_time"": ""22:00""}]",[0],[0],"{""no_smoking"": ""https://static.poptennis.com.cn/court/icon/no_smoking.webp"", ""lounge"": ""https://static.poptennis.com.cn/court/icon/lounge.webp"", ""restroom"": ""https://static.poptennis.com.cn/court/icon/restroom.webp""}",1,147,这里不错,0.0,0,0
汐润网球俱乐部(,https://static.poptennis.com.cn/court/1768728941013gl3HCxVWEY.webp,11,1,5,昌平路202号碧水庄园北区(,40.115336,116.278899,18500058520,"[{""weekdays"": [1, 2, 3, 4, 5, 6, 7], ""start_time"": ""06:00"", ""end_time"": ""23:00""}]",[0],[1],{},3,178,这里不错,0.0,0,0
得乐网球(锦绣园网球场),https://static.poptennis.com.cn/court/1768728941013gl3HCxVWEY.webp,11,1,5,幸福村中路15号锦绣园公寓D座锦绣园游泳健身俱乐部3层,39.937285,116.446612,13911529021,"[{""weekdays"": [1, 2, 3, 4, 5, 6, 7], ""start_time"": ""09:00"", ""end_time"": ""20:00""}]",[0],[0],{},1,158,这里不错,0.0,0,0
NEXTCHAMP网球俱乐部,https://static.poptennis.com.cn/court/1768728941013gl3HCxVWEY.webp,11,1,5,幸福村中路15号锦绣园公寓D座锦绣园游泳健身俱乐部3层,39.937285,116.446612,,"[{""weekdays"": [1, 2, 3, 4, 5, 6, 7], ""start_time"": ""07:00"", ""end_time"": ""23:00""}]",[0],[1],"{""no_smoking"": ""https://static.poptennis.com.cn/court/icon/no_smoking.webp"", ""restroom"": ""https://static.poptennis.com.cn/court/icon/restroom.webp"", ""shower"": ""https://static.poptennis.com.cn/court/icon/shower.webp""}",1,170,这里不错,0.0,0,0
权景网球培训学院,https://static.poptennis.com.cn/court/1768728941013gl3HCxVWEY.webp,11,1,5,顺白路28号一号地国际艺术区D区(近一号地园区南门),39.898977,116.557254,18801313197,"[{""weekdays"": [1, 2, 3, 4, 5, 6, 7], ""start_time"": ""08:00"", ""end_time"": ""23:00""}]",[0],[1],"{""store"": ""https://static.poptennis.com.cn/court/icon/store.webp"", ""no_smoking"": ""https://static.poptennis.com.cn/court/icon/no_smoking.webp"", ""lounge"": ""https://static.poptennis.com.cn/court/icon/lounge.webp"", ""ac"": ""https://static.poptennis.com.cn/court/icon/ac.webp"", ""restroom"": ""https://static.poptennis.com.cn/court/icon/restroom.webp"", ""shower"": ""https://static.poptennis.com.cn/court/icon/shower.webp""}",6,188,这里不错,0.0,0,0
齐动力网球(分钟寺基地),https://static.poptennis.com.cn/court/1768728941013gl3HCxVWEY.webp,11,1,5,小红门路312号龙爪树宾馆院内综合楼二楼,39.849956,116.456108,57983688,"[{""weekdays"": [1, 2, 3, 4, 5, 6, 7], ""start_time"": ""08:00"", ""end_time"": ""18:00""}]",[0],[1],{},1,188,这里不错,0.0,0,0
柏林瀚网球馆(望京店),https://static.poptennis.com.cn/court/1768728941013gl3HCxVWEY.webp,11,1,5,柏林瀚网球馆(望京店),39.921444,116.443136,13911599086,"[{""weekdays"": [1, 2, 3, 4, 5, 6, 7], ""start_time"": ""07:00"", ""end_time"": ""22:00""}]",[0],[1],"{""store"": ""https://static.poptennis.com.cn/court/icon/store.webp"", ""change"": ""https://static.poptennis.com.cn/court/icon/change.webp"", ""heating"": ""https://static.poptennis.com.cn/court/icon/heating.webp""}",2,153,这里不错,0.0,0,0
朝阳公园网球中心,https://static.poptennis.com.cn/court/1768728941013gl3HCxVWEY.webp,11,1,5,朝阳公园南路1号,39.940044,116.48233,65918383,"[{""weekdays"": [1, 2, 3, 4, 5, 6, 7], ""start_time"": ""7:00"", ""end_time"": ""22:00""}]",[0],[0],{},11,195,这里不错,0.0,0,0
Hilit高光匹克球&网球,https://static.poptennis.com.cn/court/1768728941013gl3HCxVWEY.webp,11,1,5,太阳宫体育休闲公园内,39.979985,116.449379,13552020415,"[{""weekdays"": [1, 2, 3, 4, 5, 6, 7], ""start_time"": ""06:00"", ""end_time"": ""22:00""}]",[0],[0],{},1,179,这里不错,0.0,0,0
国家网球中心培训,https://static.poptennis.com.cn/court/1768728941013gl3HCxVWEY.webp,11,1,5,国家网球中心气膜馆A场,40.020571,116.380804,,"[{""weekdays"": [1, 2, 3, 4, 5, 6, 7], ""start_time"": ""08:00"", ""end_time"": ""22:00""}]",[0],[1],"{""store"": ""https://static.poptennis.com.cn/court/icon/store.webp"", ""no_smoking"": ""https://static.poptennis.com.cn/court/icon/no_smoking.webp"", ""lounge"": ""https://static.poptennis.com.cn/court/icon/lounge.webp"", ""ac"": ""https://static.poptennis.com.cn/court/icon/ac.webp"", ""restroom"": ""https://static.poptennis.com.cn/court/icon/restroom.webp"", ""shower"": ""https://static.poptennis.com.cn/court/icon/shower.webp""}",1,157,这里不错,0.0,0,0
新网网球培训(北京会议中心校区),https://static.poptennis.com.cn/court/1768728941013gl3HCxVWEY.webp,11,1,5,来广营西路88号别墅区8栋,40.019645,116.431196,,"[{""weekdays"": [1, 2, 3, 4, 5, 6, 7], ""start_time"": ""06:00"", ""end_time"": ""23:00""}]",[0],[0],{},2,197,这里不错,0.0,0,0
OPeNSTAR网球俱乐部,https://static.poptennis.com.cn/court/1768728941013gl3HCxVWEY.webp,11,1,5,南四环东路城外诚家居广场3层 ,39.836097,116.447908,15801360082,"[{""weekdays"": [1, 2, 3, 4, 5, 6, 7], ""start_time"": ""09:00"", ""end_time"": ""22:00""}]",[0],[1],{},2,138,这里不错,0.0,0,0
温菲尔德网球学院(中关村校 X,https://static.poptennis.com.cn/court/1768728941013gl3HCxVWEY.webp,11,1,5,中关村辽宁大厦院内足球场西侧,39.985625,116.337222,,"[{""weekdays"": [1, 2, 3, 4, 5, 6, 7], ""start_time"": ""06:00"", ""end_time"": ""22:00""}]",[0],[0],"{""no_smoking"": ""https://static.poptennis.com.cn/court/icon/no_smoking.webp"", ""restroom"": ""https://static.poptennis.com.cn/court/icon/restroom.webp""}",1,145,这里不错,0.0,0,0
温菲尔德网球俱乐部,https://static.poptennis.com.cn/court/1768728941013gl3HCxVWEY.webp,11,1,5,北京市海淀区阜石路踢球者田村山体育公园内,39.924854,116.24724,,"[{""weekdays"": [1, 2, 3, 4, 5, 6, 7], ""start_time"": ""06:00"", ""end_time"": ""22:00""}]",[0],[0],{},2,138,这里不错,0.0,0,0
国奥多打网球俱乐部,https://static.poptennis.com.cn/court/1768728941013gl3HCxVWEY.webp,11,1,5,奥体中心网球馆,39.985837,116.393759,18510818266,"[{""weekdays"": [1, 2, 3, 4, 5, 6, 7], ""start_time"": ""08:00"", ""end_time"": ""22:00""}]",[0],[1],"{""store"": ""https://static.poptennis.com.cn/court/icon/store.webp"", ""no_smoking"": ""https://static.poptennis.com.cn/court/icon/no_smoking.webp"", ""lounge"": ""https://static.poptennis.com.cn/court/icon/lounge.webp"", ""ac"": ""https://static.poptennis.com.cn/court/icon/ac.webp"", ""restroom"": ""https://static.poptennis.com.cn/court/icon/restroom.webp"", ""shower"": ""https://static.poptennis.com.cn/court/icon/shower.webp""}",2,184,这里不错,0.0,0,0
郑洁网球汇(分钟寺店),https://static.poptennis.com.cn/court/1768728941013gl3HCxVWEY.webp,11,1,5,龙爪树路312号龙爪树宾馆综合楼二楼,39.849872,116.457048,,"[{""weekdays"": [1, 2, 3, 4, 5, 6, 7], ""start_time"": ""07:00"", ""end_time"": ""22:00""}]",[0],[1],{},1,100,这里不错,0.0,0,0
北京温榆河公园-网球中心,https://static.poptennis.com.cn/court/1768728941013gl3HCxVWEY.webp,11,1,5,温榆河公园(东南角),40.040563,116.455851,82754334,"[{""weekdays"": [1, 2, 3, 4, 5, 6, 7], ""start_time"": ""08:00"", ""end_time"": ""17:00""}]",[0],[0],{},19,140,这里不错,0.0,0,0
齐动力网球(老山基地)铜,https://static.poptennis.com.cn/court/1768728941013gl3HCxVWEY.webp,11,1,5,老山西街5号,39.915619,116.216129,57983688,"[{""weekdays"": [1, 2, 3, 4, 5, 6, 7], ""start_time"": ""08:00"", ""end_time"": ""20:00""}]",[0],[1],"{""change"": ""https://static.poptennis.com.cn/court/icon/change.webp"", ""heating"": ""https://static.poptennis.com.cn/court/icon/heating.webp""}",1,191,这里不错,0.0,0,0
网动网球培训(亚运村校区),https://static.poptennis.com.cn/court/1768728941013gl3HCxVWEY.webp,11,1,5,外国专家大厦 ,39.987339,116.381606,,"[{""weekdays"": [1, 2, 3, 4, 5, 6, 7], ""start_time"": ""08:00"", ""end_time"": ""22:00""}]",[0],[0],{},2,185,这里不错,0.0,0,0
拓能壹加网球基地,https://static.poptennis.com.cn/court/1768728941013gl3HCxVWEY.webp,11,1,5,西坝河南路3号浩鸿园小区内(南门进入),39.955731,116.433618,18270863563,"[{""weekdays"": [1, 2, 3, 4, 5, 6, 7], ""start_time"": ""06:00"", ""end_time"": ""22:00""}]",[0],[0],{},1,177,这里不错,0.0,0,0
国家网球中心,https://static.poptennis.com.cn/court/1768728941013gl3HCxVWEY.webp,11,1,5,,39.921444,116.443136,67211557,"[{""weekdays"": [1, 2, 3, 4, 5, 6, 7], ""start_time"": ""08:00"", ""end_time"": ""18:00""}]",[0],[1],{},1,101,这里不错,0.0,0,0
中体一方网球培训,https://static.poptennis.com.cn/court/1768728941013gl3HCxVWEY.webp,11,1,5,姚家园路77号,39.940816,116.529156,,"[{""weekdays"": [1, 2, 3, 4, 5, 6, 7], ""start_time"": ""08:00"", ""end_time"": ""18:00""}]",[0],[0],"{""no_smoking"": ""https://static.poptennis.com.cn/court/icon/no_smoking.webp"", ""restroom"": ""https://static.poptennis.com.cn/court/icon/restroom.webp"", ""shower"": ""https://static.poptennis.com.cn/court/icon/shower.webp""}",4,133,这里不错,0.0,0,0
网动天地东坝训练基地,https://static.poptennis.com.cn/court/1768728941013gl3HCxVWEY.webp,11,1,5,网动天地东坝训练基地,39.94775,116.582411,,"[{""weekdays"": [1, 2, 3, 4, 5, 6, 7], ""start_time"": ""08:00"", ""end_time"": ""18:00""}]",[0],[0],{},1,112,这里不错,0.0,0,0
奥体网球场,https://static.poptennis.com.cn/court/1768728941013gl3HCxVWEY.webp,11,1,5,北京市 朝阳区 北四环中路出口与北四环中路交叉口东南180米,39.99296,116.401216,,"[{""weekdays"": [1, 2, 3, 4, 5, 6, 7], ""start_time"": ""08:00"", ""end_time"": ""18:00""}]",[0],[1],{},1,168,这里不错,0.0,0,0
动之光番茄甜网球场,https://static.poptennis.com.cn/court/1768728941013gl3HCxVWEY.webp,11,1,5,建国路10号(巴学园幼儿园内),39.90905,116.570761,,"[{""weekdays"": [1, 2, 3, 4, 5, 6, 7], ""start_time"": ""06:00"", ""end_time"": ""22:00""}]",[0],[0],{},1,154,这里不错,0.0,0,0
XD不被定义体育公园,https://static.poptennis.com.cn/court/1768728941013gl3HCxVWEY.webp,11,1,5,六里屯路红领巾公园西园运动场,39.927301,116.491796,19520376778,"[{""weekdays"": [1, 2, 3, 4, 5, 6, 7], ""start_time"": ""06:00"", ""end_time"": ""22:00""}]",[0],[0],{},4,143,这里不错,0.0,0,0
启晨体育网球(奥森店),https://static.poptennis.com.cn/court/1768728941013gl3HCxVWEY.webp,11,1,5,北辰西路国奥村东区东侧约90米,40.008289,116.386907,13011010023,"[{""weekdays"": [1, 2, 3, 4, 5, 6, 7], ""start_time"": ""10:00"", ""end_time"": ""22:00""}]",[0],[0],{},2,156,这里不错,0.0,0,0
网动天地网球俱乐部,https://static.poptennis.com.cn/court/1768728941013gl3HCxVWEY.webp,11,1,5,新勇路与顾家庄北大街交叉口西南50米,40.024922,116.448513,18001335269,"[{""weekdays"": [1, 2, 3, 4, 5, 6, 7], ""start_time"": ""08:00"", ""end_time"": ""22:00""}]",[0],[1],"{""store"": ""https://static.poptennis.com.cn/court/icon/store.webp"", ""lounge"": ""https://static.poptennis.com.cn/court/icon/lounge.webp"", ""ac"": ""https://static.poptennis.com.cn/court/icon/ac.webp"", ""restroom"": ""https://static.poptennis.com.cn/court/icon/restroom.webp"", ""shower"": ""https://static.poptennis.com.cn/court/icon/shower.webp""}",3,140,这里不错,0.0,0,0
烁动网球(六里桥丽泽自建校区),https://static.poptennis.com.cn/court/1768728941013gl3HCxVWEY.webp,11,1,5,西三环六里桥地铁站E口东20米,39.880239,116.302808,13716769987,"[{""weekdays"": [1, 2, 3, 4, 5, 6, 7], ""start_time"": ""09:00"", ""end_time"": ""22:00""}]",[0],[1],{},2,118,这里不错,0.0,0,0
烁动网球(六里桥丽泽自建校区),https://static.poptennis.com.cn/court/1768728941013gl3HCxVWEY.webp,11,1,5,看丹街道樊羊路51号慧谷国际中心3号楼B1层128号,39.82765,116.312284,15611755869,"[{""weekdays"": [1, 2, 3, 4, 5, 6, 7], ""start_time"": ""09:00"", ""end_time"": ""22:00""}]",[0],[1],{},2,157,这里不错,0.0,0,0
芳草荟网球(长春桥店),https://static.poptennis.com.cn/court/1768728941013gl3HCxVWEY.webp,11,1,8,厂洼西街18号,39.95313,116.3006,13141122614,"[{""weekdays"": [1, 2, 3, 4, 5, 6, 7], ""start_time"": ""7:00"", ""end_time"": ""23:00""}]",[0],[0],"{""lounge"": ""https://static.poptennis.com.cn/court/icon/lounge.webp"", ""shower"": ""https://static.poptennis.com.cn/court/icon/shower.webp"", ""parking"": ""https://static.poptennis.com.cn/court/icon/parking.webp""}",1,165,这里不错,0.0,0,0
灵动网球（世纪金源店）,https://static.poptennis.com.cn/court/1768728941013gl3HCxVWEY.webp,11,1,8,板井路69号北京世纪金源大饭店,39.960912,116.288132,13810886792,"[{""weekdays"": [1, 2, 3, 4, 5, 6, 7], ""start_time"": ""08:00"", ""end_time"": ""22:00""}]",[0],[1],"{""lounge"": ""https://static.poptennis.com.cn/court/icon/lounge.webp"", ""shop"": ""https://static.poptennis.com.cn/court/icon/shop.webp""}",2,142,这里不错,0.0,0,0
海淀公园网球场,https://static.poptennis.com.cn/court/1768728941013gl3HCxVWEY.webp,11,1,8,海淀公园足球网球运动场,39.983431,116.292313,,"[{""weekdays"": [1, 2, 3, 4, 5, 6, 7], ""start_time"": ""7:00"", ""end_time"": ""16:00""}]",[0],[0],"{""lounge"": ""https://static.poptennis.com.cn/court/icon/lounge.webp"", ""restroom"": ""https://static.poptennis.com.cn/court/icon/restroom.webp""}",10,186,这里不错,0.0,0,0
网动体育 车道沟校区,https://static.poptennis.com.cn/court/1768728941013gl3HCxVWEY.webp,11,1,8,网动网球公园,39.962135,116.319069,,"[{""weekdays"": [1, 2, 3, 4, 5, 6, 7], ""start_time"": ""8:00"", ""end_time"": ""21:30""}]",[0],[0],"{""lounge"": ""https://static.poptennis.com.cn/court/icon/lounge.webp"", ""parking"": ""https://static.poptennis.com.cn/court/icon/parking.webp""}",9,174,这里不错,0.0,0,0
艾锐斯网球（知春路）,https://static.poptennis.com.cn/court/1768728941013gl3HCxVWEY.webp,11,1,8,大成仓艾锐斯体育公园,39.629474,116.314139,,"[{""weekdays"": [1, 2, 3, 4, 5, 6, 7], ""start_time"": ""9:00"", ""end_time"": ""22:00""}]",[0],[1],"{""store"": ""https://static.poptennis.com.cn/court/icon/store.webp"", ""shower"": ""https://static.poptennis.com.cn/court/icon/shower.webp"", ""shop"": ""https://static.poptennis.com.cn/court/icon/shop.webp""}",4,181,这里不错,0.0,0,0
北京科技大学求实气膜网球馆,https://static.poptennis.com.cn/court/1768728941013gl3HCxVWEY.webp,11,1,8,学院路30号科技大学求实气膜网球馆,39.991217,116.358803,,"[{""weekdays"": [1, 2, 3, 4, 5, 6, 7], ""start_time"": ""9:00"", ""end_time"": ""22:00""}]",[0],"[1, 0]","{""lounge"": ""https://static.poptennis.com.cn/court/icon/lounge.webp"", ""shower"": ""https://static.poptennis.com.cn/court/icon/shower.webp"", ""parking"": ""https://static.poptennis.com.cn/court/icon/parking.webp""}",10,159,这里不错,0.0,0,0
烁动网球（五棵松定慧自建店）,https://static.poptennis.com.cn/court/1768728941013gl3HCxVWEY.webp,11,1,8,定慧产业园区内摄影器材城东侧,39.921121,116.275669,17820777721,"[{""weekdays"": [1, 2, 3, 4, 5, 6, 7], ""start_time"": ""9:00"", ""end_time"": ""22:00""}]",[0],[0],"{""lounge"": ""https://static.poptennis.com.cn/court/icon/lounge.webp"", ""parking"": ""https://static.poptennis.com.cn/court/icon/parking.webp""}",2,120,这里不错,0.0,0,0
魅力飞扬网球俱乐部（中海雅园店）,https://static.poptennis.com.cn/court/1768728941013gl3HCxVWEY.webp,11,1,8,海淀区板井路69号中海雅园小区内,39.937325,116.301831,13520668877,"[{""weekdays"": [1, 2, 3, 4, 5, 6, 7], ""start_time"": ""8:30"", ""end_time"": ""21:30""}]",[0],"[1, 0]","{""lounge"": ""https://static.poptennis.com.cn/court/icon/lounge.webp"", ""shop"": ""https://static.poptennis.com.cn/court/icon/shop.webp""}",3,170,这里不错,0.0,0,0
埃德网球俱乐部（东升汇校区）,https://static.poptennis.com.cn/court/1768728941013gl3HCxVWEY.webp,11,1,8,海淀区东升镇东升汇体育公园内,40.019362,116.336864,13693367789,"[{""weekdays"": [1, 2, 3, 4, 5, 6, 7], ""start_time"": ""9:00"", ""end_time"": ""22:00""}]",[0],"[1, 0]","{""store"": ""https://static.poptennis.com.cn/court/icon/store.webp"", ""shower"": ""https://static.poptennis.com.cn/court/icon/shower.webp"", ""parking"": ""https://static.poptennis.com.cn/court/icon/parking.webp""}",8,151,这里不错,0.0,0,0
得乐网球（永定路店）,https://static.poptennis.com.cn/court/1768728941013gl3HCxVWEY.webp,11,1,8,海淀区永定路88号院,39.904324,116.265037,13811889900,"[{""weekdays"": [1, 2, 3, 4, 5, 6, 7], ""start_time"": ""8:00"", ""end_time"": ""21:00""}]",[0],[0],"{""lounge"": ""https://static.poptennis.com.cn/court/icon/lounge.webp"", ""restroom"": ""https://static.poptennis.com.cn/court/icon/restroom.webp""}",4,199,这里不错,0.0,0,0
泰内斯网球俱乐部（五棵松校区）,https://static.poptennis.com.cn/court/1768728941013gl3HCxVWEY.webp,11,1,8,复兴路69号hipark多功能厅二楼网球场,39.91309,116.277667,17800296123,"[{""weekdays"": [1, 2, 3, 4, 5, 6, 7], ""start_time"": ""9:00"", ""end_time"": ""22:00""}]",[0],[0],"{""lounge"": ""https://static.poptennis.com.cn/court/icon/lounge.webp"", ""shower"": ""https://static.poptennis.com.cn/court/icon/shower.webp"", ""shop"": ""https://static.poptennis.com.cn/court/icon/shop.webp""}",2,158,这里不错,0.0,0,0
YYDS网球俱乐部,https://static.poptennis.com.cn/court/1768728941013gl3HCxVWEY.webp,11,1,8,海淀区上地十街10号,40.050897,116.301392,13718886622,"[{""weekdays"": [1, 2, 3, 4, 5, 6, 7], ""start_time"": ""8:30"", ""end_time"": ""21:30""}]",[0],"[1, 0]","{""lounge"": ""https://static.poptennis.com.cn/court/icon/lounge.webp"", ""parking"": ""https://static.poptennis.com.cn/court/icon/parking.webp""}",3,180,这里不错,0.0,0,0
绿豆网球俱乐部（泰山店）,https://static.poptennis.com.cn/court/1768728941013gl3HCxVWEY.webp,11,1,8,海淀区泰山路8号,39.959893,116.2977,13488887766,"[{""weekdays"": [1, 2, 3, 4, 5, 6, 7], ""start_time"": ""9:00"", ""end_time"": ""22:00""}]",[0],[0],"{""store"": ""https://static.poptennis.com.cn/court/icon/store.webp"", ""shop"": ""https://static.poptennis.com.cn/court/icon/shop.webp""}",3,188,这里不错,0.0,0,0
至清网球运动中心,https://static.poptennis.com.cn/court/1768728941013gl3HCxVWEY.webp,11,1,8,青龙桥街道魔动空间气膜馆,40.00117,116.291552,13269998855,"[{""weekdays"": [1, 2, 3, 4, 5, 6, 7], ""start_time"": ""6:00"", ""end_time"": ""23:00""}]",[0],[0],"{""lounge"": ""https://static.poptennis.com.cn/court/icon/lounge.webp"", ""restroom"": ""https://static.poptennis.com.cn/court/icon/restroom.webp""}",4,132,这里不错,0.0,0,0
温菲尔德网球俱乐部（田村山馆）,https://static.poptennis.com.cn/court/1768728941013gl3HCxVWEY.webp,11,1,8,海淀区田村山体育中心内,39.925079,116.245083,13120009933,"[{""weekdays"": [1, 2, 3, 4, 5, 6, 7], ""start_time"": ""8:00"", ""end_time"": ""22:00""}]",[0],"[1, 0]","{""lounge"": ""https://static.poptennis.com.cn/court/icon/lounge.webp"", ""shower"": ""https://static.poptennis.com.cn/court/icon/shower.webp"", ""parking"": ""https://static.poptennis.com.cn/court/icon/parking.webp""}",9,101,这里不错,0.0,0,0
网动网球（世纪金源校区）,https://static.poptennis.com.cn/court/1768728941013gl3HCxVWEY.webp,11,1,8,海淀区板井路世纪金源购物中心北侧,39.960354,116.28734,,"[{""weekdays"": [1, 2, 3, 4, 5, 6, 7], ""start_time"": ""8:00"", ""end_time"": ""22:00""}]",[0],"[1, 0]","{""lounge"": ""https://static.poptennis.com.cn/court/icon/lounge.webp"", ""shop"": ""https://static.poptennis.com.cn/court/icon/shop.webp""}",4,187,这里不错,0.0,0,0
网动网球（鲁迅文化中心校区）,https://static.poptennis.com.cn/court/1768728941013gl3HCxVWEY.webp,11,1,8,海淀区花园路鲁迅文化中心内,39.977085,116.365682,,"[{""weekdays"": [1, 2, 3, 4, 5, 6, 7], ""start_time"": ""8:00"", ""end_time"": ""22:00""}]",[0],[0],"{""store"": ""https://static.poptennis.com.cn/court/icon/store.webp"", ""lounge"": ""https://static.poptennis.com.cn/court/icon/lounge.webp""}",4,194,这里不错,0.0,0,0
木叶网球俱乐部,https://static.poptennis.com.cn/court/1768728941013gl3HCxVWEY.webp,11,1,8,宝盛东路甲3号,40.038468,116.376854,13691357207,"[{""weekdays"": [1, 2, 3, 4, 5, 6, 7], ""start_time"": ""8:00"", ""end_time"": ""22:00""}]",[0],[0],"{""parking"": ""https://static.poptennis.com.cn/court/icon/parking.webp"", ""shop"": ""https://static.poptennis.com.cn/court/icon/shop.webp""}",6,125,这里不错,0.0,0,0
迪佳网球俱乐部,https://static.poptennis.com.cn/court/1768728941013gl3HCxVWEY.webp,11,1,8,万柳中路6号院1号楼,39.969156,116.297011,62681313,"[{""weekdays"": [1, 2, 3, 4, 5, 6, 7], ""start_time"": ""8:00"", ""end_time"": ""22:00""}]",[0],[1],"{""store"": ""https://static.poptennis.com.cn/court/icon/store.webp"", ""shower"": ""https://static.poptennis.com.cn/court/icon/shower.webp"", ""parking"": ""https://static.poptennis.com.cn/court/icon/parking.webp""}",4,105,这里不错,0.0,0,0
北京曙光时尚网球俱乐部,https://static.poptennis.com.cn/court/1768728941013gl3HCxVWEY.webp,11,1,8,板井路正福寺19号,39.947998,116.287033,13911118877,"[{""weekdays"": [1, 2, 3, 4, 5, 6, 7], ""start_time"": ""7:30"", ""end_time"": ""21:30""}]",[0],[0],"{""lounge"": ""https://static.poptennis.com.cn/court/icon/lounge.webp"", ""shop"": ""https://static.poptennis.com.cn/court/icon/shop.webp""}",5,196,这里不错,0.0,0,0
温菲尔德网球俱乐部（中关村馆）,https://static.poptennis.com.cn/court/1768728941013gl3HCxVWEY.webp,11,1,8,海淀区中关村辽宁大厦内足球场西侧,39.985587,116.335942,13161119933,"[{""weekdays"": [1, 2, 3, 4, 5, 6, 7], ""start_time"": ""8:00"", ""end_time"": ""22:00""}]",[0],[0],"{""store"": ""https://static.poptennis.com.cn/court/icon/store.webp"", ""shower"": ""https://static.poptennis.com.cn/court/icon/shower.webp"", ""parking"": ""https://static.poptennis.com.cn/court/icon/parking.webp""}",3,140,这里不错,0.0,0,0
上海崇明前卫红土网球中心,https://static.poptennis.com.cn/court/1768728941013gl3HCxVWEY.webp,31,1,51,竖新镇前卫村前卫生态村内,31.719475,121.513515,,"[{""weekdays"": [1, 2, 3, 4, 5, 6, 7], ""start_time"": ""08:00"", ""end_time"": ""18:00""}]",[1],"[1, 0]",{},7,193,这里不错,0.0,0,0
唛恩·林旅崇明怡沁园网球场,https://static.poptennis.com.cn/court/1768728941013gl3HCxVWEY.webp,31,1,51,崇明北沿公路2089号怡沁园度假酒店,31.671452,121.478167,,"[{""weekdays"": [1, 2, 3, 4, 5, 6, 7], ""start_time"": ""08:00"", ""end_time"": ""18:00""}]",[0],[0],{},2,157,这里不错,0.0,0,0
东平镇前进文化中心,https://static.poptennis.com.cn/court/1768728941013gl3HCxVWEY.webp,31,1,51,东平镇东冉路886号,31.677829,121.539015,,"[{""weekdays"": [1, 2, 3, 4, 5, 6, 7], ""start_time"": ""08:00"", ""end_time"": ""18:00""}]",[0],[0],{},1,135,这里不错,0.0,0,0
崇明区人民体育场,https://static.poptennis.com.cn/court/1768728941013gl3HCxVWEY.webp,31,1,51,北门路88号,31.626767,121.400107,,"[{""weekdays"": [1, 2, 3, 4, 5, 6, 7], ""start_time"": ""08:00"", ""end_time"": ""18:00""}]",[0],[0],{},1,160,这里不错,0.0,0,0
堡镇社区市民健身中心,https://static.poptennis.com.cn/court/1768728941013gl3HCxVWEY.webp,31,1,51,堡镇南路269号,31.532281,121.615929,,"[{""weekdays"": [1, 2, 3, 4, 5, 6, 7], ""start_time"": ""08:00"", ""end_time"": ""18:00""}]",[0],[0],{},1,137,这里不错,0.0,0,0
鑫港湾公共运动场,https://static.poptennis.com.cn/court/1768728941013gl3HCxVWEY.webp,31,1,16,月工路888号,30.808459,121.346475,,"[{""weekdays"": [1, 2, 3, 4, 5, 6, 7], ""start_time"": ""08:00"", ""end_time"": ""18:00""}]",[0],[0],{},1,188,这里不错,0.0,0,0
金山体育中心,https://static.poptennis.com.cn/court/1768728941013gl3HCxVWEY.webp,31,1,16,杭州湾大道4100号,30.785576,121.329335,,"[{""weekdays"": [1, 2, 3, 4, 5, 6, 7], ""start_time"": ""08:00"", ""end_time"": ""18:00""}]",[0],[0],{},1,154,这里不错,0.0,0,0
起道体育·青笠网球俱乐部(学府路店),https://static.poptennis.com.cn/court/1768728941013gl3HCxVWEY.webp,31,1,16,学府路1283弄88号,30.739242,121.316641,,"[{""weekdays"": [1, 2, 3, 4, 5, 6, 7], ""start_time"": ""08:00"", ""end_time"": ""18:00""}]",[0],[0],{},1,119,这里不错,0.0,0,0
起道体育·青笠网球俱乐部(卫清东路店),https://static.poptennis.com.cn/court/1768728941013gl3HCxVWEY.webp,31,1,16,卫清东路2228号第二栋,30.738857,121.365611,,"[{""weekdays"": [1, 2, 3, 4, 5, 6, 7], ""start_time"": ""08:00"", ""end_time"": ""18:00""}]",[0],[1],{},1,188,这里不错,0.0,0,0
思迈网球俱乐部,https://static.poptennis.com.cn/court/1768728941013gl3HCxVWEY.webp,31,1,16,山鑫阳光城5号门旁,30.727611,121.347151,,"[{""weekdays"": [1, 2, 3, 4, 5, 6, 7], ""start_time"": ""08:00"", ""end_time"": ""18:00""}]",[0],[1],{},1,104,这里不错,0.0,0,0
新城路市民运动场,https://static.poptennis.com.cn/court/1768728941013gl3HCxVWEY.webp,31,1,16,石化街道新城路98号,30.710096,121.343147,,"[{""weekdays"": [1, 2, 3, 4, 5, 6, 7], ""start_time"": ""08:00"", ""end_time"": ""18:00""}]",[0],[0],{},1,137,这里不错,0.0,0,0
金山区社会体育管理中心,https://static.poptennis.com.cn/court/1768728941013gl3HCxVWEY.webp,31,1,16,合浦路147号,30.707337,121.342097,,"[{""weekdays"": [1, 2, 3, 4, 5, 6, 7], ""start_time"": ""08:00"", ""end_time"": ""18:00""}]",[0],[0],{},2,121,这里不错,0.0,0,0
金山体育馆(朱泾镇市民健身中心),https://static.poptennis.com.cn/court/1768728941013gl3HCxVWEY.webp,31,1,16,朱泾镇健康南路333号,30.884581,121.157224,,"[{""weekdays"": [1, 2, 3, 4, 5, 6, 7], ""start_time"": ""08:00"", ""end_time"": ""18:00""}]",[0],[0],{},1,192,这里不错,0.0,0,0
超越·阳光草地网球中心,https://static.poptennis.com.cn/court/1768728941013gl3HCxVWEY.webp,31,1,20,江海村南庄路,30.891182,121.436076,,"[{""weekdays"": [1, 2, 3, 4, 5, 6, 7], ""start_time"": ""08:00"", ""end_time"": ""18:00""}]",[2],[0],{},18,116,这里不错,0.0,0,0
超越体育网球俱乐部・奉贤体育中心,https://static.poptennis.com.cn/court/1768728941013gl3HCxVWEY.webp,31,1,20,南桥镇古华路100号,30.904595,121.467415,,"[{""weekdays"": [1, 2, 3, 4, 5, 6, 7], ""start_time"": ""08:00"", ""end_time"": ""18:00""}]","[0, 2]",[1],{},5,184,这里不错,0.0,0,0
甜区网球·奉贤店,https://static.poptennis.com.cn/court/1768728941013gl3HCxVWEY.webp,31,1,20,南桥镇南桥路839号22-1幢,30.926639,121.454171,,"[{""weekdays"": [1, 2, 3, 4, 5, 6, 7], ""start_time"": ""08:00"", ""end_time"": ""18:00""}]","[0, 2]",[1],{},3,165,这里不错,0.0,0,0
司赢网球俱乐部(天翼球馆),https://static.poptennis.com.cn/court/1768728941013gl3HCxVWEY.webp,31,1,20,南桥路868号E栋二楼,30.926894,121.455007,,"[{""weekdays"": [1, 2, 3, 4, 5, 6, 7], ""start_time"": ""08:00"", ""end_time"": ""18:00""}]",[2],[1],{},2,136,这里不错,0.0,0,0
司赢网球俱乐部(天空球场),https://static.poptennis.com.cn/court/1768728941013gl3HCxVWEY.webp,31,1,20,南桥路868号A栋三楼,30.926894,121.455007,,"[{""weekdays"": [1, 2, 3, 4, 5, 6, 7], ""start_time"": ""08:00"", ""end_time"": ""18:00""}]","[0, 2]","[1, 0]",{},4,103,这里不错,0.0,0,0
乐动力·临港足球综合运动中心,https://static.poptennis.com.cn/court/1768728941013gl3HCxVWEY.webp,31,1,20,承贤路与书桂路交叉口西100米,30.869934,121.740089,,"[{""weekdays"": [1, 2, 3, 4, 5, 6, 7], ""start_time"": ""08:00"", ""end_time"": ""18:00""}]",[2],[1],{},1,185,这里不错,0.0,0,0
临港黄日网球中心,https://static.poptennis.com.cn/court/1768728941013gl3HCxVWEY.webp,31,1,15,紫荆花路88号附近,30.89195,121.916776,,"[{""weekdays"": [1, 2, 3, 4, 5, 6, 7], ""start_time"": ""08:00"", ""end_time"": ""18:00""}]",[2],[1],{},2,121,这里不错,0.0,0,0
乐动力·临港黄日网球中心(辉华),https://static.poptennis.com.cn/court/1768728941013gl3HCxVWEY.webp,31,1,15,紫荆花路与橄榄路交叉口西北220米,30.890493,121.916493,,"[{""weekdays"": [1, 2, 3, 4, 5, 6, 7], ""start_time"": ""08:00"", ""end_time"": ""18:00""}]",[2],[0],{},2,195,这里不错,0.0,0,0
乐动力·临港绿丽网羽中心,https://static.poptennis.com.cn/court/1768728941013gl3HCxVWEY.webp,31,1,15,南汇新城镇环湖西二路960号,30.902656,121.923866,,"[{""weekdays"": [1, 2, 3, 4, 5, 6, 7], ""start_time"": ""08:00"", ""end_time"": ""18:00""}]",[0],[1],{},2,167,这里不错,0.0,0,0
乐动力·滴水湖网球热力场,https://static.poptennis.com.cn/court/1768728941013gl3HCxVWEY.webp,31,1,15,环湖东一路800号,30.893049,121.953728,,"[{""weekdays"": [1, 2, 3, 4, 5, 6, 7], ""start_time"": ""08:00"", ""end_time"": ""18:00""}]",[0],[0],{},4,177,这里不错,0.0,0,0
书院镇市民健身中心,https://static.poptennis.com.cn/court/1768728941013gl3HCxVWEY.webp,31,1,15,丽正路1255号,30.980706,121.861125,,"[{""weekdays"": [1, 2, 3, 4, 5, 6, 7], ""start_time"": ""08:00"", ""end_time"": ""18:00""}]",[0],[0],{},1,168,这里不错,0.0,0,0
Jovi Tennis Arena 佳维,https://static.poptennis.com.cn/court/1768728941013gl3HCxVWEY.webp,31,1,15,惠南镇川南奉公路6101号弘基广场,31.055887,121.765031,,"[{""weekdays"": [1, 2, 3, 4, 5, 6, 7], ""start_time"": ""08:00"", ""end_time"": ""18:00""}]",[0],[0],{},1,155,这里不错,0.0,0,0
光圈网球(航头店)·航头体育中心,https://static.poptennis.com.cn/court/1768728941013gl3HCxVWEY.webp,31,1,15,鹤韵路425号,31.077249,121.597057,,"[{""weekdays"": [1, 2, 3, 4, 5, 6, 7], ""start_time"": ""08:00"", ""end_time"": ""18:00""}]",[0],[1],{},2,186,这里不错,0.0,0,0
达晨荣体育中心·宏亦远网球俱乐部,https://static.poptennis.com.cn/court/1768728941013gl3HCxVWEY.webp,31,1,15,航头镇沪南公路5292号,31.042731,121.593875,,"[{""weekdays"": [1, 2, 3, 4, 5, 6, 7], ""start_time"": ""08:00"", ""end_time"": ""18:00""}]",[0],[1],{},1,131,这里不错,0.0,0,0
PDT紫色动力国际(火星一号馆),https://static.poptennis.com.cn/court/1768728941013gl3HCxVWEY.webp,31,1,12,龙吴路5891号火星一号商业广场,31.03455,121.467773,,"[{""weekdays"": [1, 2, 3, 4, 5, 6, 7], ""start_time"": ""08:00"", ""end_time"": ""18:00""}]",[0],"[1, 0]",{},2,139,这里不错,0.0,0,0
明越网球俱乐部(永德路店),https://static.poptennis.com.cn/court/1768728941013gl3HCxVWEY.webp,31,1,12,莲花南路3999弄满天星生活广场,31.038801,121.445039,,"[{""weekdays"": [1, 2, 3, 4, 5, 6, 7], ""start_time"": ""08:00"", ""end_time"": ""18:00""}]",[0],[0],{},1,110,这里不错,0.0,0,0
乐达恒温球馆-网球(灯辉路),https://static.poptennis.com.cn/court/1768728941013gl3HCxVWEY.webp,31,1,12,灯辉路1128号,31.028814,121.408706,,"[{""weekdays"": [1, 2, 3, 4, 5, 6, 7], ""start_time"": ""08:00"", ""end_time"": ""18:00""}]",[0],[1],{},1,124,这里不错,0.0,0,0
凯洛思网球俱乐部,https://static.poptennis.com.cn/court/1768728941013gl3HCxVWEY.webp,31,1,12,剑川路999号大零号湾科创运动汇,31.026067,121.418784,,"[{""weekdays"": [1, 2, 3, 4, 5, 6, 7], ""start_time"": ""08:00"", ""end_time"": ""18:00""}]",[0],[0],{},1,102,这里不错,0.0,0,0
明越网球俱乐部(沪闵店),https://static.poptennis.com.cn/court/1768728941013gl3HCxVWEY.webp,31,1,12,沪闵路1201号,31.018644,121.4206,,"[{""weekdays"": [1, 2, 3, 4, 5, 6, 7], ""start_time"": ""08:00"", ""end_time"": ""18:00""}]",[0],[1],{},1,194,这里不错,0.0,0,0
凯洛思网球·马桥万达店,https://static.poptennis.com.cn/court/1768728941013gl3HCxVWEY.webp,31,1,12,富岩路121号1楼马桥万达网球场,31.023393,121.373024,,"[{""weekdays"": [1, 2, 3, 4, 5, 6, 7], ""start_time"": ""08:00"", ""end_time"": ""18:00""}]",[0],[0],{},1,112,这里不错,0.0,0,0
严明网球·马桥校区,https://static.poptennis.com.cn/court/1768728941013gl3HCxVWEY.webp,31,1,12,文井路495号A楼楼顶,31.013457,121.377207,,"[{""weekdays"": [1, 2, 3, 4, 5, 6, 7], ""start_time"": ""08:00"", ""end_time"": ""18:00""}]",[0],[0],{},2,174,这里不错,0.0,0,0
泾彩江川网球俱乐部,https://static.poptennis.com.cn/court/1768728941013gl3HCxVWEY.webp,31,1,12,鹤庆路788号,31.00814,121.407554,,"[{""weekdays"": [1, 2, 3, 4, 5, 6, 7], ""start_time"": ""08:00"", ""end_time"": ""18:00""}]",[0],[0],{},2,189,这里不错,0.0,0,0
焱网江川体育活动中心,https://static.poptennis.com.cn/court/1768728941013gl3HCxVWEY.webp,31,1,12,鹤庆路788号,31.00814,121.407554,,"[{""weekdays"": [1, 2, 3, 4, 5, 6, 7], ""start_time"": ""08:00"", ""end_time"": ""18:00""}]",[0],[0],{},2,137,这里不错,0.0,0,0
汇友令网球中心,https://static.poptennis.com.cn/court/1768728941013gl3HCxVWEY.webp,31,1,12,江川路780号8幢101,31.000563,121.399068,,"[{""weekdays"": [1, 2, 3, 4, 5, 6, 7], ""start_time"": ""08:00"", ""end_time"": ""18:00""}]",[0],[1],{},2,161,这里不错,0.0,0,0
严明网球·碧江校区,https://static.poptennis.com.cn/court/1768728941013gl3HCxVWEY.webp,31,1,12,碧江南路559号,31.000155,121.404257,,"[{""weekdays"": [1, 2, 3, 4, 5, 6, 7], ""start_time"": ""08:00"", ""end_time"": ""18:00""}]",[0],[0],{},1,165,这里不错,0.0,0,0
JOY TENNIS・久逸网球俱乐部,https://static.poptennis.com.cn/court/1768728941013gl3HCxVWEY.webp,31,1,15,川大路311号,31.168074,121.702948,,"[{""weekdays"": [1, 2, 3, 4, 5, 6, 7], ""start_time"": ""08:00"", ""end_time"": ""18:00""}]",[0],[1],{},3,186,这里不错,0.0,0,0
Joy Tennis久逸网球俱乐部(远洋路店),https://static.poptennis.com.cn/court/1768728941013gl3HCxVWEY.webp,31,1,15,远洋路8号,31.167646,121.7137,,"[{""weekdays"": [1, 2, 3, 4, 5, 6, 7], ""start_time"": ""08:00"", ""end_time"": ""18:00""}]",[0],[1],{},3,137,这里不错,0.0,0,0
上海Moore网球,https://static.poptennis.com.cn/court/1768728941013gl3HCxVWEY.webp,31,1,15,浦东鹿吉路300号,31.103388,121.694144,,"[{""weekdays"": [1, 2, 3, 4, 5, 6, 7], ""start_time"": ""08:00"", ""end_time"": ""18:00""}]",[0],[0],{},2,177,这里不错,0.0,0,0
友来网球俱乐部(生态园店),https://static.poptennis.com.cn/court/1768728941013gl3HCxVWEY.webp,31,1,15,康新公路与汤巷中心村交叉口西北,31.144164,121.611249,,"[{""weekdays"": [1, 2, 3, 4, 5, 6, 7], ""start_time"": ""08:00"", ""end_time"": ""18:00""}]",[0],[0],{},2,146,这里不错,0.0,0,0
聚勒勒网球,https://static.poptennis.com.cn/court/1768728941013gl3HCxVWEY.webp,31,1,15,川周公路3138号康鲤科创园4幢,31.139068,121.608094,,"[{""weekdays"": [1, 2, 3, 4, 5, 6, 7], ""start_time"": ""08:00"", ""end_time"": ""18:00""}]",[0],[1],{},4,142,这里不错,0.0,0,0
上海国际医学园区网球中心,https://static.poptennis.com.cn/court/1768728941013gl3HCxVWEY.webp,31,1,15,广丹路222弄,31.105854,121.614007,,"[{""weekdays"": [1, 2, 3, 4, 5, 6, 7], ""start_time"": ""08:00"", ""end_time"": ""18:00""}]",[0],[1],{},3,160,这里不错,0.0,0,0
51磅网球俱乐部,https://static.poptennis.com.cn/court/1768728941013gl3HCxVWEY.webp,31,1,15,康梧路189号,31.136033,121.551092,,"[{""weekdays"": [1, 2, 3, 4, 5, 6, 7], ""start_time"": ""08:00"", ""end_time"": ""18:00""}]",[0],[0],{},3,110,这里不错,0.0,0,0
新星客网球馆,https://static.poptennis.com.cn/court/1768728941013gl3HCxVWEY.webp,31,1,15,康梧路519号,31.131861,121.552275,,"[{""weekdays"": [1, 2, 3, 4, 5, 6, 7], ""start_time"": ""08:00"", ""end_time"": ""18:00""}]",[0],[1],{},2,164,这里不错,0.0,0,0
球上劲网球运动中心(新田360广场店),https://static.poptennis.com.cn/court/1768728941013gl3HCxVWEY.webp,31,1,15,秀浦路668号新田360广场一楼,31.125475,121.565339,,"[{""weekdays"": [1, 2, 3, 4, 5, 6, 7], ""start_time"": ""08:00"", ""end_time"": ""18:00""}]",[0],[0],{},1,124,这里不错,0.0,0,0
友来网球俱乐部(领丰汇店),https://static.poptennis.com.cn/court/1768728941013gl3HCxVWEY.webp,31,1,15,上南路6717号外广场,31.119971,121.560693,,"[{""weekdays"": [1, 2, 3, 4, 5, 6, 7], ""start_time"": ""08:00"", ""end_time"": ""18:00""}]",[0],[1],{},2,151,这里不错,0.0,0,0
球上劲网球俱乐部(周浦小上海店),https://static.poptennis.com.cn/court/1768728941013gl3HCxVWEY.webp,31,1,15,周浦梓营路72号停车场,31.120691,121.575505,,"[{""weekdays"": [1, 2, 3, 4, 5, 6, 7], ""start_time"": ""08:00"", ""end_time"": ""18:00""}]",[0],[1],{},2,116,这里不错,0.0,0,0
友来网球俱乐部(云空馆),https://static.poptennis.com.cn/court/1768728941013gl3HCxVWEY.webp,31,1,15,立跃路519号,31.106615,121.55997,,"[{""weekdays"": [1, 2, 3, 4, 5, 6, 7], ""start_time"": ""08:00"", ""end_time"": ""18:00""}]",[0],[1],{},5,164,这里不错,0.0,0,0
INtennis赢满贯,https://static.poptennis.com.cn/court/1768728941013gl3HCxVWEY.webp,31,1,15,立跃路519号25号楼2楼,31.106615,121.55997,,"[{""weekdays"": [1, 2, 3, 4, 5, 6, 7], ""start_time"": ""08:00"", ""end_time"": ""18:00""}]",[0],[1],{},4,163,这里不错,0.0,0,0
星焰网球俱乐部,https://static.poptennis.com.cn/court/1768728941013gl3HCxVWEY.webp,31,1,15,周浦繁荣路388号园区,31.106836,121.571633,,"[{""weekdays"": [1, 2, 3, 4, 5, 6, 7], ""start_time"": ""08:00"", ""end_time"": ""18:00""}]",[0],[0],{},3,196,这里不错,0.0,0,0
昱航网球俱乐部(周浦店),https://static.poptennis.com.cn/court/1768728941013gl3HCxVWEY.webp,31,1,15,周浦镇沈横路1号,31.097311,121.571241,,"[{""weekdays"": [1, 2, 3, 4, 5, 6, 7], ""start_time"": ""08:00"", ""end_time"": ""18:00""}]",[0],[1],{},2,102,这里不错,0.0,0,0
友悦网球,https://static.poptennis.com.cn/court/1768728941013gl3HCxVWEY.webp,31,1,15,年家浜路238号绿地缤纷广场4楼,31.112795,121.594013,,"[{""weekdays"": [1, 2, 3, 4, 5, 6, 7], ""start_time"": ""08:00"", ""end_time"": ""18:00""}]",[0],[0],{},1,104,这里不错,0.0,0,0
周浦体育中心,https://static.poptennis.com.cn/court/1768728941013gl3HCxVWEY.webp,31,1,15,小沥港路365号,31.114027,121.589771,,"[{""weekdays"": [1, 2, 3, 4, 5, 6, 7], ""start_time"": ""08:00"", ""end_time"": ""18:00""}]",[0],[1],{},12,130,这里不错,0.0,0,0
健飞体育网球馆,https://static.poptennis.com.cn/court/1768728941013gl3HCxVWEY.webp,31,1,15,周东南路593号海棠广场3层318室,31.099756,121.590677,,"[{""weekdays"": [1, 2, 3, 4, 5, 6, 7], ""start_time"": ""08:00"", ""end_time"": ""18:00""}]",[0],[1],{},1,191,这里不错,0.0,0,0
翱翔者网球俱乐部(周浦店),https://static.poptennis.com.cn/court/1768728941013gl3HCxVWEY.webp,31,1,15,周浦镇周东南路573号,31.100266,121.591455,,"[{""weekdays"": [1, 2, 3, 4, 5, 6, 7], ""start_time"": ""08:00"", ""end_time"": ""18:00""}]",[0],[0],{},1,192,这里不错,0.0,0,0
懿德网羽中心·浦东三林店,https://static.poptennis.com.cn/court/1768728941013gl3HCxVWEY.webp,31,1,15,懿行路981号,31.124372,121.511632,,"[{""weekdays"": [1, 2, 3, 4, 5, 6, 7], ""start_time"": ""08:00"", ""end_time"": ""18:00""}]",[0],[1],{},2,122,这里不错,0.0,0,0
名网网球俱乐部,https://static.poptennis.com.cn/court/1768728941013gl3HCxVWEY.webp,31,1,12,三鲁公路5589弄49号,31.117658,121.50852,,"[{""weekdays"": [1, 2, 3, 4, 5, 6, 7], ""start_time"": ""08:00"", ""end_time"": ""18:00""}]",[0],[1],{},1,147,这里不错,0.0,0,0
迈兹MASS-万科VMO花园广场网球馆,https://static.poptennis.com.cn/court/1768728941013gl3HCxVWEY.webp,31,1,12,浦锦路2049弄,31.109663,121.484434,,"[{""weekdays"": [1, 2, 3, 4, 5, 6, 7], ""start_time"": ""08:00"", ""end_time"": ""18:00""}]",[0],[1],{},2,135,这里不错,0.0,0,0
浦康休闲公园(浦江镇公共运动场),https://static.poptennis.com.cn/court/1768728941013gl3HCxVWEY.webp,31,1,12,浦康路399弄38号,31.103909,121.502104,,"[{""weekdays"": [1, 2, 3, 4, 5, 6, 7], ""start_time"": ""08:00"", ""end_time"": ""18:00""}]",[0],[0],{},2,165,这里不错,0.0,0,0
壹古森活网球场,https://static.poptennis.com.cn/court/1768728941013gl3HCxVWEY.webp,31,1,12,申旺路18号8幢3楼,31.088278,121.386619,,"[{""weekdays"": [1, 2, 3, 4, 5, 6, 7], ""start_time"": ""08:00"", ""end_time"": ""18:00""}]",[0],[0],{},1,158,这里不错,0.0,0,0
壹佰网球 CT CLUB,https://static.poptennis.com.cn/court/1768728941013gl3HCxVWEY.webp,31,1,12,莘庄工业区申旺路18号8幢三楼,31.088278,121.386619,,"[{""weekdays"": [1, 2, 3, 4, 5, 6, 7], ""start_time"": ""08:00"", ""end_time"": ""18:00""}]",[0],[0],{},6,114,这里不错,0.0,0,0
鹏佰网球文化公园,https://static.poptennis.com.cn/court/1768728941013gl3HCxVWEY.webp,31,1,12,春东路689号8号楼屋面,31.088421,121.387222,,"[{""weekdays"": [1, 2, 3, 4, 5, 6, 7], ""start_time"": ""08:00"", ""end_time"": ""18:00""}]",[0],"[1, 0]",{},10,133,这里不错,0.0,0,0
绮梦网球俱乐部,https://static.poptennis.com.cn/court/1768728941013gl3HCxVWEY.webp,31,1,12,梅州路505号一层A室,31.087041,121.393757,,"[{""weekdays"": [1, 2, 3, 4, 5, 6, 7], ""start_time"": ""08:00"", ""end_time"": ""18:00""}]",[0],[1],{},3,194,这里不错,0.0,0,0
QS网球馆,https://static.poptennis.com.cn/court/1768728941013gl3HCxVWEY.webp,31,1,12,沪闵路3988号,31.080417,121.393558,,"[{""weekdays"": [1, 2, 3, 4, 5, 6, 7], ""start_time"": ""08:00"", ""end_time"": ""18:00""}]",[0],[1],{},2,116,这里不错,0.0,0,0
怡烽网球馆,https://static.poptennis.com.cn/court/1768728941013gl3HCxVWEY.webp,31,1,12,申南路203号,31.076505,121.391438,,"[{""weekdays"": [1, 2, 3, 4, 5, 6, 7], ""start_time"": ""08:00"", ""end_time"": ""18:00""}]",[0],[1],{},4,156,这里不错,0.0,0,0
越趣网球俱乐部2,https://static.poptennis.com.cn/court/1768728941013gl3HCxVWEY.webp,31,1,12,沪闵路3888号10号楼三楼,31.075038,121.396159,,"[{""weekdays"": [1, 2, 3, 4, 5, 6, 7], ""start_time"": ""08:00"", ""end_time"": ""18:00""}]",[0],[0],{},1,116,这里不错,0.0,0,0
越趣网球俱乐部,https://static.poptennis.com.cn/court/1768728941013gl3HCxVWEY.webp,31,1,12,颛兴东路万达广场7号门对面,31.070804,121.407244,,"[{""weekdays"": [1, 2, 3, 4, 5, 6, 7], ""start_time"": ""08:00"", ""end_time"": ""18:00""}]",[0],[1],{},3,129,这里不错,0.0,0,0
严明网球·万达校区,https://static.poptennis.com.cn/court/1768728941013gl3HCxVWEY.webp,31,1,12,颛兴东路1557号,31.07053,121.41011,,"[{""weekdays"": [1, 2, 3, 4, 5, 6, 7], ""start_time"": ""08:00"", ""end_time"": ""18:00""}]",[0],[0],{},1,133,这里不错,0.0,0,0
悦野网球场,https://static.poptennis.com.cn/court/1768728941013gl3HCxVWEY.webp,31,1,12,光华路728号,31.068338,121.384745,,"[{""weekdays"": [1, 2, 3, 4, 5, 6, 7], ""start_time"": ""08:00"", ""end_time"": ""18:00""}]",[0],[0],{},1,108,这里不错,0.0,0,0
创竞界网球,https://static.poptennis.com.cn/court/1768728941013gl3HCxVWEY.webp,31,1,12,紫燕路路西创·竞界网球,31.060067,121.384751,,"[{""weekdays"": [1, 2, 3, 4, 5, 6, 7], ""start_time"": ""08:00"", ""end_time"": ""18:00""}]",[0],[1],{},6,120,这里不错,0.0,0,0
壹佰网球 CT CLUB (室内店),https://static.poptennis.com.cn/court/1768728941013gl3HCxVWEY.webp,31,1,12,紫燕路888号2号楼,31.057854,121.387079,,"[{""weekdays"": [1, 2, 3, 4, 5, 6, 7], ""start_time"": ""08:00"", ""end_time"": ""18:00""}]",[0],[1],{},2,110,这里不错,0.0,0,0
奇点网球(颛桥店),https://static.poptennis.com.cn/court/1768728941013gl3HCxVWEY.webp,31,1,12,瓶北路与鑫都路交叉口南140米,31.058037,121.401507,,"[{""weekdays"": [1, 2, 3, 4, 5, 6, 7], ""start_time"": ""08:00"", ""end_time"": ""18:00""}]",[0],[0],{},2,195,这里不错,0.0,0,0
狼网网球中心,https://static.poptennis.com.cn/court/1768728941013gl3HCxVWEY.webp,31,1,12,沪闵路3458弄66号,31.062011,121.401807,,"[{""weekdays"": [1, 2, 3, 4, 5, 6, 7], ""start_time"": ""08:00"", ""end_time"": ""18:00""}]",[0],[1],{},6,134,这里不错,0.0,0,0
怡烽体育·天籁园网球场,https://static.poptennis.com.cn/court/1768728941013gl3HCxVWEY.webp,31,1,12,都市路与向阳路路口,31.063927,121.408604,,"[{""weekdays"": [1, 2, 3, 4, 5, 6, 7], ""start_time"": ""08:00"", ""end_time"": ""18:00""}]",[0],[0],{},2,125,这里不错,0.0,0,0
点赞网球馆,https://static.poptennis.com.cn/court/1768728941013gl3HCxVWEY.webp,31,1,12,都市路777弄253号威尔士健身房旁边,31.042576,121.416033,,"[{""weekdays"": [1, 2, 3, 4, 5, 6, 7], ""start_time"": ""08:00"", ""end_time"": ""18:00""}]",[0],[1],{},2,105,这里不错,0.0,0,0
旗忠网球中心·室外场,https://static.poptennis.com.cn/court/1768728941013gl3HCxVWEY.webp,31,1,12,马桥镇元江路5500号,31.03866,121.35889,,"[{""weekdays"": [1, 2, 3, 4, 5, 6, 7], ""start_time"": ""08:00"", ""end_time"": ""18:00""}]",[0],[0],{},18,170,这里不错,0.0,0,0
旗忠网球中心·中央球场,https://static.poptennis.com.cn/court/1768728941013gl3HCxVWEY.webp,31,1,12,马桥镇元江路5500号,31.03866,121.35889,,"[{""weekdays"": [1, 2, 3, 4, 5, 6, 7], ""start_time"": ""08:00"", ""end_time"": ""18:00""}]",[0],[1],{},1,200,这里不错,0.0,0,0
旗忠网球中心·室内网球馆,https://static.poptennis.com.cn/court/1768728941013gl3HCxVWEY.webp,31,1,12,马桥镇元江路5500号第1幢,31.038219,121.355892,,"[{""weekdays"": [1, 2, 3, 4, 5, 6, 7], ""start_time"": ""08:00"", ""end_time"": ""18:00""}]",[0],[1],{},6,184,这里不错,0.0,0,0
源霖网球公园,https://static.poptennis.com.cn/court/1768728941013gl3HCxVWEY.webp,31,1,17,松汇东路327号云间粮仓,31.00069,121.240884,,"[{""weekdays"": [1, 2, 3, 4, 5, 6, 7], ""start_time"": ""08:00"", ""end_time"": ""18:00""}]",[0],"[1, 0]",{},3,136,这里不错,0.0,0,0
熵网网球俱乐部(永丰路店),https://static.poptennis.com.cn/court/1768728941013gl3HCxVWEY.webp,31,1,17,永丰路35号,31.008747,121.215334,,"[{""weekdays"": [1, 2, 3, 4, 5, 6, 7], ""start_time"": ""08:00"", ""end_time"": ""18:00""}]",[0],[1],{},1,124,这里不错,0.0,0,0
明越网球俱乐部(松江球场)·吾悦广场,https://static.poptennis.com.cn/court/1768728941013gl3HCxVWEY.webp,31,1,17,玉树路2559号吾悦生活广场4楼,31.00946,121.208401,,"[{""weekdays"": [1, 2, 3, 4, 5, 6, 7], ""start_time"": ""08:00"", ""end_time"": ""18:00""}]",[0],[1],{},3,153,这里不错,0.0,0,0
颂秦体育·星空体育公园,https://static.poptennis.com.cn/court/1768728941013gl3HCxVWEY.webp,31,1,17,玉树路2575号吾悦飞航广场4楼,31.00946,121.208401,,"[{""weekdays"": [1, 2, 3, 4, 5, 6, 7], ""start_time"": ""08:00"", ""end_time"": ""18:00""}]",[0],[1],{},2,182,这里不错,0.0,0,0
青策Apex网球,https://static.poptennis.com.cn/court/1768728941013gl3HCxVWEY.webp,31,1,15,民风路518号烨博新质产业园11幢,31.281359,121.6655,,"[{""weekdays"": [1, 2, 3, 4, 5, 6, 7], ""start_time"": ""08:00"", ""end_time"": ""18:00""}]",[0],[1],{},1,116,这里不错,0.0,0,0
翱翔者网球俱乐部(金海路店),https://static.poptennis.com.cn/court/1768728941013gl3HCxVWEY.webp,31,1,15,金海路2588号,31.26522,121.655373,,"[{""weekdays"": [1, 2, 3, 4, 5, 6, 7], ""start_time"": ""08:00"", ""end_time"": ""18:00""}]",[0],[0],{},2,141,这里不错,0.0,0,0
财金网球俱乐部,https://static.poptennis.com.cn/court/1768728941013gl3HCxVWEY.webp,31,1,15,德安路359号,31.251744,121.672839,,"[{""weekdays"": [1, 2, 3, 4, 5, 6, 7], ""start_time"": ""08:00"", ""end_time"": ""18:00""}]",[0],[1],{},2,156,这里不错,0.0,0,0
迈兹MASS-数聚财神网球馆,https://static.poptennis.com.cn/court/1768728941013gl3HCxVWEY.webp,31,1,15,景雅路58号,31.252309,121.668872,,"[{""weekdays"": [1, 2, 3, 4, 5, 6, 7], ""start_time"": ""08:00"", ""end_time"": ""18:00""}]",[0],[1],{},1,196,这里不错,0.0,0,0
星锐网球俱乐部(唐镇室内馆),https://static.poptennis.com.cn/court/1768728941013gl3HCxVWEY.webp,31,1,15,达秀路151号,31.237835,121.65266,,"[{""weekdays"": [1, 2, 3, 4, 5, 6, 7], ""start_time"": ""08:00"", ""end_time"": ""18:00""}]",[0],[1],{},3,168,这里不错,0.0,0,0
HO Tennis后子琪网球学院×星,https://static.poptennis.com.cn/court/1768728941013gl3HCxVWEY.webp,31,1,15,达秀路151号进园区左拐,31.237835,121.65266,,"[{""weekdays"": [1, 2, 3, 4, 5, 6, 7], ""start_time"": ""08:00"", ""end_time"": ""18:00""}]",[0],[1],{},4,107,这里不错,0.0,0,0
涛飞网球场,https://static.poptennis.com.cn/court/1768728941013gl3HCxVWEY.webp,31,1,15,上丰路955号C座9楼,31.237146,121.659899,,"[{""weekdays"": [1, 2, 3, 4, 5, 6, 7], ""start_time"": ""08:00"", ""end_time"": ""18:00""}]",[0],[0],{},1,116,这里不错,0.0,0,0
圆梦室内网球馆,https://static.poptennis.com.cn/court/1768728941013gl3HCxVWEY.webp,31,1,15,上丰路538号,31.233723,121.652209,,"[{""weekdays"": [1, 2, 3, 4, 5, 6, 7], ""start_time"": ""08:00"", ""end_time"": ""18:00""}]",[0],[1],{},4,167,这里不错,0.0,0,0
至臻网球(唐镇店),https://static.poptennis.com.cn/court/1768728941013gl3HCxVWEY.webp,31,1,15,金丰路277号,31.23437,121.657994,,"[{""weekdays"": [1, 2, 3, 4, 5, 6, 7], ""start_time"": ""08:00"", ""end_time"": ""18:00""}]",[0],[1],{},3,185,这里不错,0.0,0,0
上海雍洲网球学院,https://static.poptennis.com.cn/court/1768728941013gl3HCxVWEY.webp,31,1,15,金丰路515号,31.256223,121.649992,,"[{""weekdays"": [1, 2, 3, 4, 5, 6, 7], ""start_time"": ""08:00"", ""end_time"": ""18:00""}]",[0],"[1, 0]",{},8,119,这里不错,0.0,0,0
Our Tennis·唐镇印象球场,https://static.poptennis.com.cn/court/1768728941013gl3HCxVWEY.webp,31,1,15,德淳路288号印象汇五楼,31.228258,121.668306,,"[{""weekdays"": [1, 2, 3, 4, 5, 6, 7], ""start_time"": ""08:00"", ""end_time"": ""18:00""}]",[0],[0],{},1,175,这里不错,0.0,0,0
TOP云端网球俱乐部(唐镇店),https://static.poptennis.com.cn/court/1768728941013gl3HCxVWEY.webp,31,1,15,德淳路288号,31.228258,121.668306,,"[{""weekdays"": [1, 2, 3, 4, 5, 6, 7], ""start_time"": ""08:00"", ""end_time"": ""18:00""}]",[0],[0],{},1,161,这里不错,0.0,0,0
【新店开业8折】至臻网球·上海超级会员店,https://static.poptennis.com.cn/court/1768728941013gl3HCxVWEY.webp,31,1,15,高科东路1688号,31.217667,121.680089,,"[{""weekdays"": [1, 2, 3, 4, 5, 6, 7], ""start_time"": ""08:00"", ""end_time"": ""18:00""}]",[1],[1],{},6,127,这里不错,0.0,0,0
至臻网球·川沙店,https://static.poptennis.com.cn/court/1768728941013gl3HCxVWEY.webp,31,1,15,建业路416号3幢,31.210802,121.689154,,"[{""weekdays"": [1, 2, 3, 4, 5, 6, 7], ""start_time"": ""08:00"", ""end_time"": ""18:00""}]",[0],[1],{},3,144,这里不错,0.0,0,0
宏语网球中心,https://static.poptennis.com.cn/court/1768728941013gl3HCxVWEY.webp,31,1,15,川沙镇妙境北路116弄205号,31.201681,121.693713,,"[{""weekdays"": [1, 2, 3, 4, 5, 6, 7], ""start_time"": ""08:00"", ""end_time"": ""18:00""}]",[0],[1],{},3,121,这里不错,0.0,0,0
HR网羽中心网球场,https://static.poptennis.com.cn/court/1768728941013gl3HCxVWEY.webp,31,1,15,川沙新镇川环北路280号,31.202085,121.698018,,"[{""weekdays"": [1, 2, 3, 4, 5, 6, 7], ""start_time"": ""08:00"", ""end_time"": ""18:00""}]",[0],[0],{},1,129,这里不错,0.0,0,0
星锐网球俱乐部(川沙店)・川南体育公园,https://static.poptennis.com.cn/court/1768728941013gl3HCxVWEY.webp,31,1,15,川沙新镇城南村八队汪家宅888号,31.160453,121.664005,,"[{""weekdays"": [1, 2, 3, 4, 5, 6, 7], ""start_time"": ""08:00"", ""end_time"": ""18:00""}]",[0],[0],{},2,168,这里不错,0.0,0,0
JOY TENNIS・久逸网球俱乐部,https://static.poptennis.com.cn/court/1768728941013gl3HCxVWEY.webp,31,1,15,川大路311号,31.168074,121.702948,,"[{""weekdays"": [1, 2, 3, 4, 5, 6, 7], ""start_time"": ""08:00"", ""end_time"": ""18:00""}]",[0],[1],{},3,126,这里不错,0.0,0,0
Joy Tennis久逸网球俱乐部(远洋路店),https://static.poptennis.com.cn/court/1768728941013gl3HCxVWEY.webp,31,1,15,远洋路8号,31.167646,121.7137,,"[{""weekdays"": [1, 2, 3, 4, 5, 6, 7], ""start_time"": ""08:00"", ""end_time"": ""18:00""}]",[0],[1],{},3,175,这里不错,0.0,0,0
向东村社区运动场,https://static.poptennis.com.cn/court/1768728941013gl3HCxVWEY.webp,31,1,15,合庆镇向东村村委内,31.23276,121.740361,,"[{""weekdays"": [1, 2, 3, 4, 5, 6, 7], ""start_time"": ""08:00"", ""end_time"": ""18:00""}]",[0],[0],{},1,190,这里不错,0.0,0,0
罗泾公园市民球场,https://static.poptennis.com.cn/court/1768728941013gl3HCxVWEY.webp,31,1,13,罗泾镇潘沪路与罗宁路交叉口,31.480006,121.330125,,"[{""weekdays"": [1, 2, 3, 4, 5, 6, 7], ""start_time"": ""08:00"", ""end_time"": ""18:00""}]",[0],[0],{},1,104,这里不错,0.0,0,0
北水湾体育公园,https://static.poptennis.com.cn/court/1768728941013gl3HCxVWEY.webp,31,1,14,树屏路1585号,31.403094,121.243362,,"[{""weekdays"": [1, 2, 3, 4, 5, 6, 7], ""start_time"": ""08:00"", ""end_time"": ""18:00""}]",[0],[0],{},2,173,这里不错,0.0,0,0
四方体育中心,https://static.poptennis.com.cn/court/1768728941013gl3HCxVWEY.webp,31,1,13,罗店镇石太路2893号,31.431969,121.344717,,"[{""weekdays"": [1, 2, 3, 4, 5, 6, 7], ""start_time"": ""08:00"", ""end_time"": ""18:00""}]",[0],[0],{},4,101,这里不错,0.0,0,0
新罗店网球俱乐部·罗店社区文化活动中心,https://static.poptennis.com.cn/court/1768728941013gl3HCxVWEY.webp,31,1,13,塘西街366-370号2楼,31.419858,121.340641,,"[{""weekdays"": [1, 2, 3, 4, 5, 6, 7], ""start_time"": ""08:00"", ""end_time"": ""18:00""}]",[0],[1],{},1,162,这里不错,0.0,0,0
月浦公园市民球场,https://static.poptennis.com.cn/court/1768728941013gl3HCxVWEY.webp,31,1,13,罗店镇市一路130号罗溪公园,31.417939,121.351246,,"[{""weekdays"": [1, 2, 3, 4, 5, 6, 7], ""start_time"": ""08:00"", ""end_time"": ""18:00""}]",[0],[0],{},1,147,这里不错,0.0,0,0
嘉定网球中心,https://static.poptennis.com.cn/court/1768728941013gl3HCxVWEY.webp,31,1,14,新成路118号,31.376437,121.271374,,"[{""weekdays"": [1, 2, 3, 4, 5, 6, 7], ""start_time"": ""08:00"", ""end_time"": ""18:00""}]",[0],"[1, 0]",{},6,169,这里不错,0.0,0,0
甜区网球·乐威运动中心·宝钢体育中心,https://static.poptennis.com.cn/court/1768728941013gl3HCxVWEY.webp,31,1,13,漠河路203号宝钢体育中心,31.4094,121.47564,,"[{""weekdays"": [1, 2, 3, 4, 5, 6, 7], ""start_time"": ""08:00"", ""end_time"": ""18:00""}]",[0],[0],{},5,121,这里不错,0.0,0,0
宝山体育中心,https://static.poptennis.com.cn/court/1768728941013gl3HCxVWEY.webp,31,1,13,永清路700号永乐路4号门,31.394336,121.49129,,"[{""weekdays"": [1, 2, 3, 4, 5, 6, 7], ""start_time"": ""08:00"", ""end_time"": ""18:00""}]",[0],[1],{},4,132,这里不错,0.0,0,0
真谛网球馆,https://static.poptennis.com.cn/court/1768728941013gl3HCxVWEY.webp,31,1,13,牡丹江路1081号夏园恒茂广场南楼5楼,31.390824,121.491151,,"[{""weekdays"": [1, 2, 3, 4, 5, 6, 7], ""start_time"": ""08:00"", ""end_time"": ""18:00""}]",[0],[1],{},2,154,这里不错,0.0,0,0
无界线网球俱乐部,https://static.poptennis.com.cn/court/1768728941013gl3HCxVWEY.webp,31,1,13,宝杨路2029号5-2,31.389885,121.464375,,"[{""weekdays"": [1, 2, 3, 4, 5, 6, 7], ""start_time"": ""08:00"", ""end_time"": ""18:00""}]",[0],[1],{},2,189,这里不错,0.0,0,0
乐动力·杨行体育中心,https://static.poptennis.com.cn/court/1768728941013gl3HCxVWEY.webp,31,1,13,盘古路2121号,31.393771,121.44159,,"[{""weekdays"": [1, 2, 3, 4, 5, 6, 7], ""start_time"": ""08:00"", ""end_time"": ""18:00""}]",[0],[1],{},1,200,这里不错,0.0,0,0
HGA网球俱乐部(招商花园城店),https://static.poptennis.com.cn/court/1768728941013gl3HCxVWEY.webp,31,1,13,水产路2199弄哇咔体育公园网球场,31.368897,121.446779,,"[{""weekdays"": [1, 2, 3, 4, 5, 6, 7], ""start_time"": ""08:00"", ""end_time"": ""18:00""}]",[0],[0],{},4,161,这里不错,0.0,0,0
保集智谷,https://static.poptennis.com.cn/court/1768728941013gl3HCxVWEY.webp,31,1,13,富联二路55弄,31.372229,121.409958,,"[{""weekdays"": [1, 2, 3, 4, 5, 6, 7], ""start_time"": ""08:00"", ""end_time"": ""18:00""}]",[0],[0],{},1,196,这里不错,0.0,0,0
积健网球,https://static.poptennis.com.cn/court/1768728941013gl3HCxVWEY.webp,31,1,13,富联一路19号7号楼,31.370119,121.415163,,"[{""weekdays"": [1, 2, 3, 4, 5, 6, 7], ""start_time"": ""08:00"", ""end_time"": ""18:00""}]",[0],[1],{},3,174,这里不错,0.0,0,0
翼藤生态网球场,https://static.poptennis.com.cn/court/1768728941013gl3HCxVWEY.webp,31,1,13,杨行镇温川公路1188弄58号-5,31.378011,121.443781,,"[{""weekdays"": [1, 2, 3, 4, 5, 6, 7], ""start_time"": ""08:00"", ""end_time"": ""18:00""}]",[0],"[1, 0]",{},5,197,这里不错,0.0,0,0
Harvest网球俱乐部,https://static.poptennis.com.cn/court/1768728941013gl3HCxVWEY.webp,31,1,13,沪联路768号D栋,31.358773,121.359316,,"[{""weekdays"": [1, 2, 3, 4, 5, 6, 7], ""start_time"": ""08:00"", ""end_time"": ""18:00""}]",[0],[1],{},2,121,这里不错,0.0,0,0
下一拍网球,https://static.poptennis.com.cn/court/1768728941013gl3HCxVWEY.webp,31,1,13,顾村镇沪联路768号D栋101,31.358773,121.359316,,"[{""weekdays"": [1, 2, 3, 4, 5, 6, 7], ""start_time"": ""08:00"", ""end_time"": ""18:00""}]",[0],[1],{},2,131,这里不错,0.0,0,0
平击网球俱乐部(茂盛路店),https://static.poptennis.com.cn/court/1768728941013gl3HCxVWEY.webp,31,1,17,洞泾镇茂盛路116号,31.082129,121.269012,,"[{""weekdays"": [1, 2, 3, 4, 5, 6, 7], ""start_time"": ""08:00"", ""end_time"": ""18:00""}]",[0],[1],{},2,110,这里不错,0.0,0,0
瀚浦网球馆,https://static.poptennis.com.cn/court/1768728941013gl3HCxVWEY.webp,31,1,17,鼎源路与鼎盛路交叉口北100米,31.019144,121.171533,,"[{""weekdays"": [1, 2, 3, 4, 5, 6, 7], ""start_time"": ""08:00"", ""end_time"": ""18:00""}]",[0],[1],{},2,135,这里不错,0.0,0,0
恒网网球俱乐部,https://static.poptennis.com.cn/court/1768728941013gl3HCxVWEY.webp,31,1,17,凯悦酒店外五楼(松江区广富林路599...,31.03257,121.227676,,"[{""weekdays"": [1, 2, 3, 4, 5, 6, 7], ""start_time"": ""08:00"", ""end_time"": ""18:00""}]",[2],[0],{},3,174,这里不错,0.0,0,0
松江区工人文化宫,https://static.poptennis.com.cn/court/1768728941013gl3HCxVWEY.webp,31,1,17,梅家浜路356号,31.050145,121.251685,,"[{""weekdays"": [1, 2, 3, 4, 5, 6, 7], ""start_time"": ""08:00"", ""end_time"": ""18:00""}]",[0],[0],{},1,138,这里不错,0.0,0,0
干练网球俱乐部,https://static.poptennis.com.cn/court/1768728941013gl3HCxVWEY.webp,31,1,17,茸兴路488号茸创园3幢1层103室,31.049875,121.250394,,"[{""weekdays"": [1, 2, 3, 4, 5, 6, 7], ""start_time"": ""08:00"", ""end_time"": ""18:00""}]",[0],[1],{},4,142,这里不错,0.0,0,0
国王·山河体育场,https://static.poptennis.com.cn/court/1768728941013gl3HCxVWEY.webp,31,1,17,光星路755号,31.047129,121.240022,,"[{""weekdays"": [1, 2, 3, 4, 5, 6, 7], ""start_time"": ""08:00"", ""end_time"": ""18:00""}]",[0],[0],{},1,170,这里不错,0.0,0,0
UPUP网球馆(刷脂网球俱乐部),https://static.poptennis.com.cn/court/1768728941013gl3HCxVWEY.webp,31,1,17,茸阳路98号日播园区内,31.047697,121.25581,,"[{""weekdays"": [1, 2, 3, 4, 5, 6, 7], ""start_time"": ""08:00"", ""end_time"": ""18:00""}]",[0],"[1, 0]",{},2,188,这里不错,0.0,0,0
熵网网球俱乐部(茸阳路店),https://static.poptennis.com.cn/court/1768728941013gl3HCxVWEY.webp,31,1,17,茸阳路69号,31.04731,121.252263,,"[{""weekdays"": [1, 2, 3, 4, 5, 6, 7], ""start_time"": ""08:00"", ""end_time"": ""18:00""}]",[0],[1],{},6,119,这里不错,0.0,0,0
大脚怪网球俱乐部,https://static.poptennis.com.cn/court/1768728941013gl3HCxVWEY.webp,31,1,17,松江新城茸兴路389号,31.030295,121.230739,,"[{""weekdays"": [1, 2, 3, 4, 5, 6, 7], ""start_time"": ""08:00"", ""end_time"": ""18:00""}]",[0],[1],{},4,195,这里不错,0.0,0,0
平击·玩客行网球场,https://static.poptennis.com.cn/court/1768728941013gl3HCxVWEY.webp,31,1,17,文翔路388号玩客行体育中心,31.043909,121.245022,,"[{""weekdays"": [1, 2, 3, 4, 5, 6, 7], ""start_time"": ""08:00"", ""end_time"": ""18:00""}]",[0],[0],{},1,186,这里不错,0.0,0,0
上海悦动网球俱乐部,https://static.poptennis.com.cn/court/1768728941013gl3HCxVWEY.webp,31,1,17,文翔路388号耳鹿创意园区,31.043909,121.245022,,"[{""weekdays"": [1, 2, 3, 4, 5, 6, 7], ""start_time"": ""08:00"", ""end_time"": ""18:00""}]",[0],[0],{},1,111,这里不错,0.0,0,0
月浦农家乐市民球场,https://static.poptennis.com.cn/court/1768728941013gl3HCxVWEY.webp,31,1,17,沪松公路6351号,31.038438,121.25936,,"[{""weekdays"": [1, 2, 3, 4, 5, 6, 7], ""start_time"": ""08:00"", ""end_time"": ""18:00""}]",[0],[0],{},1,171,这里不错,0.0,0,0
菊远网球俱乐部(松江万达店),https://static.poptennis.com.cn/court/1768728941013gl3HCxVWEY.webp,31,1,17,茸平路48号,31.034741,121.251644,,"[{""weekdays"": [1, 2, 3, 4, 5, 6, 7], ""start_time"": ""08:00"", ""end_time"": ""18:00""}]",[0],[0],{},2,180,这里不错,0.0,0,0
橙风网球俱乐部,https://static.poptennis.com.cn/court/1768728941013gl3HCxVWEY.webp,31,1,17,中山街道五昆路288号鑫华韵科创园,31.032319,121.242884,,"[{""weekdays"": [1, 2, 3, 4, 5, 6, 7], ""start_time"": ""08:00"", ""end_time"": ""18:00""}]",[1],[1],{},3,130,这里不错,0.0,0,0
聚网网球JOJOTENNIS,https://static.poptennis.com.cn/court/1768728941013gl3HCxVWEY.webp,31,1,14,南翔镇嘉美路1358号1号楼1层,31.298781,121.269448,,"[{""weekdays"": [1, 2, 3, 4, 5, 6, 7], ""start_time"": ""08:00"", ""end_time"": ""18:00""}]",[0],[1],{},2,127,这里不错,0.0,0,0
收获者网球俱乐部,https://static.poptennis.com.cn/court/1768728941013gl3HCxVWEY.webp,31,1,14,嘉好路263号6号楼2层,31.309886,121.287063,,"[{""weekdays"": [1, 2, 3, 4, 5, 6, 7], ""start_time"": ""08:00"", ""end_time"": ""18:00""}]",[0],[1],{},3,165,这里不错,0.0,0,0
奇点网球俱乐部(博翔店),https://static.poptennis.com.cn/court/1768728941013gl3HCxVWEY.webp,31,1,14,嘉绣东路与博翔路交叉口北20米,31.31585,121.308782,,"[{""weekdays"": [1, 2, 3, 4, 5, 6, 7], ""start_time"": ""08:00"", ""end_time"": ""18:00""}]",[0],[0],{},1,178,这里不错,0.0,0,0
南翔镇博翔市民球场,https://static.poptennis.com.cn/court/1768728941013gl3HCxVWEY.webp,31,1,14,南翔镇嘉绣东路与博翔路交叉口,31.31585,121.308782,,"[{""weekdays"": [1, 2, 3, 4, 5, 6, 7], ""start_time"": ""08:00"", ""end_time"": ""18:00""}]",[0],[0],{},1,200,这里不错,0.0,0,0
虹翔网球中心,https://static.poptennis.com.cn/court/1768728941013gl3HCxVWEY.webp,31,1,14,陈翔公路88号,31.296452,121.292181,,"[{""weekdays"": [1, 2, 3, 4, 5, 6, 7], ""start_time"": ""08:00"", ""end_time"": ""18:00""}]",[0],[1],{},4,155,这里不错,0.0,0,0
境界网球中心,https://static.poptennis.com.cn/court/1768728941013gl3HCxVWEY.webp,31,1,14,浏翔公路1000号4号馆,31.310183,121.328058,,"[{""weekdays"": [1, 2, 3, 4, 5, 6, 7], ""start_time"": ""08:00"", ""end_time"": ""18:00""}]",[0],[1],{},2,161,这里不错,0.0,0,0
SOLO 网球俱乐部,https://static.poptennis.com.cn/court/1768728941013gl3HCxVWEY.webp,31,1,14,南翔镇浏翔公路1000号靠近9号楼,31.310183,121.328058,,"[{""weekdays"": [1, 2, 3, 4, 5, 6, 7], ""start_time"": ""08:00"", ""end_time"": ""18:00""}]",[0],[1],{},2,131,这里不错,0.0,0,0
OASES TENNIS南翔网球场,https://static.poptennis.com.cn/court/1768728941013gl3HCxVWEY.webp,31,1,14,MEGA印象城6楼室外网球场,31.235792,121.505145,,"[{""weekdays"": [1, 2, 3, 4, 5, 6, 7], ""start_time"": ""08:00"", ""end_time"": ""18:00""}]",[0],[0],{},1,188,这里不错,0.0,0,0
光圈网球·HALOTENNIS (翔立方),https://static.poptennis.com.cn/court/1768728941013gl3HCxVWEY.webp,31,1,14,南翔镇沪宜公路1082号B栋,31.294975,121.303824,,"[{""weekdays"": [1, 2, 3, 4, 5, 6, 7], ""start_time"": ""08:00"", ""end_time"": ""18:00""}]",[0],[0],{},1,173,这里不错,0.0,0,0
至臻网球(南翔店单打场),https://static.poptennis.com.cn/court/1768728941013gl3HCxVWEY.webp,31,1,14,南翔镇民主街385号电气都市工业园1号楼,31.289487,121.306229,,"[{""weekdays"": [1, 2, 3, 4, 5, 6, 7], ""start_time"": ""08:00"", ""end_time"": ""18:00""}]",[0],[1],{},4,178,这里不错,0.0,0,0
弘金地网球场(格林世界店),https://static.poptennis.com.cn/court/1768728941013gl3HCxVWEY.webp,31,1,14,南翔镇芳林路333弄18号,31.30081,121.323551,,"[{""weekdays"": [1, 2, 3, 4, 5, 6, 7], ""start_time"": ""08:00"", ""end_time"": ""18:00""}]",[0],"[1, 0]",{},6,194,这里不错,0.0,0,0
唛恩网球中心(东馆),https://static.poptennis.com.cn/court/1768728941013gl3HCxVWEY.webp,31,1,7,柳华路118号,31.299924,121.350716,,"[{""weekdays"": [1, 2, 3, 4, 5, 6, 7], ""start_time"": ""08:00"", ""end_time"": ""18:00""}]",[0],[1],{},8,132,这里不错,0.0,0,0
唛恩网球中心,https://static.poptennis.com.cn/court/1768728941013gl3HCxVWEY.webp,31,1,13,真陈路719号国金体育中心,31.299309,121.34793,,"[{""weekdays"": [1, 2, 3, 4, 5, 6, 7], ""start_time"": ""08:00"", ""end_time"": ""18:00""}]",[0],[1],{},20,149,这里不错,0.0,0,0
网球纪网球公园(南大店),https://static.poptennis.com.cn/court/1768728941013gl3HCxVWEY.webp,31,1,13,业绩路21号,31.301789,121.357191,,"[{""weekdays"": [1, 2, 3, 4, 5, 6, 7], ""start_time"": ""08:00"", ""end_time"": ""18:00""}]",[0],[1],{},2,194,这里不错,0.0,0,0
橙跃网球普陀二店,https://static.poptennis.com.cn/court/1768728941013gl3HCxVWEY.webp,31,1,7,众仁路165号,31.287183,121.32692,,"[{""weekdays"": [1, 2, 3, 4, 5, 6, 7], ""start_time"": ""08:00"", ""end_time"": ""18:00""}]",[0],"[1, 0]",{},4,165,这里不错,0.0,0,0
光圈网球·HALOTENNIS(普陀),https://static.poptennis.com.cn/court/1768728941013gl3HCxVWEY.webp,31,1,7,金通路158号,31.282554,121.343321,,"[{""weekdays"": [1, 2, 3, 4, 5, 6, 7], ""start_time"": ""08:00"", ""end_time"": ""18:00""}]",[0],[1],{},2,172,这里不错,0.0,0,0
橙跃网球,https://static.poptennis.com.cn/court/1768728941013gl3HCxVWEY.webp,31,1,7,武威路和百丽路交叉口露天停车场内,31.280704,121.3478,,"[{""weekdays"": [1, 2, 3, 4, 5, 6, 7], ""start_time"": ""08:00"", ""end_time"": ""18:00""}]",[0],[0],{},4,130,这里不错,0.0,0,0
宸奕网球,https://static.poptennis.com.cn/court/1768728941013gl3HCxVWEY.webp,31,1,14,金园五路208号5幢102室,31.260087,121.306814,,"[{""weekdays"": [1, 2, 3, 4, 5, 6, 7], ""start_time"": ""08:00"", ""end_time"": ""18:00""}]",[0],[1],{},1,173,这里不错,0.0,0,0
网湃网球(嘉园店),https://static.poptennis.com.cn/court/1768728941013gl3HCxVWEY.webp,31,1,14,江桥镇金园三路326号,31.258534,121.314175,,"[{""weekdays"": [1, 2, 3, 4, 5, 6, 7], ""start_time"": ""08:00"", ""end_time"": ""18:00""}]",[0],[0],{},1,150,这里不错,0.0,0,0
光圈网球学院,https://static.poptennis.com.cn/court/1768728941013gl3HCxVWEY.webp,31,1,14,日永路4号,31.250148,121.346774,,"[{""weekdays"": [1, 2, 3, 4, 5, 6, 7], ""start_time"": ""08:00"", ""end_time"": ""18:00""}]",[0],[1],{},4,133,这里不错,0.0,0,0
因乐驰网球俱乐部,https://static.poptennis.com.cn/court/1768728941013gl3HCxVWEY.webp,31,1,14,江桥万达东广场,31.332615,121.253616,,"[{""weekdays"": [1, 2, 3, 4, 5, 6, 7], ""start_time"": ""08:00"", ""end_time"": ""18:00""}]",[0],[0],{},2,110,这里不错,0.0,0,0
宜云网球中心,https://static.poptennis.com.cn/court/1768728941013gl3HCxVWEY.webp,31,1,14,爱特路379-1号,31.233045,121.304423,,"[{""weekdays"": [1, 2, 3, 4, 5, 6, 7], ""start_time"": ""08:00"", ""end_time"": ""18:00""}]",[0],[1],{},2,188,这里不错,0.0,0,0
Ace x Prime sport,https://static.poptennis.com.cn/court/1768728941013gl3HCxVWEY.webp,31,1,18,华徐公路966号,31.201155,121.265668,,"[{""weekdays"": [1, 2, 3, 4, 5, 6, 7], ""start_time"": ""08:00"", ""end_time"": ""18:00""}]",[0],[1],{},3,144,这里不错,0.0,0,0
风网西虹桥网球中心,https://static.poptennis.com.cn/court/1768728941013gl3HCxVWEY.webp,31,1,18,华徐公路888号中国梦谷东北门,31.199307,121.26672,,"[{""weekdays"": [1, 2, 3, 4, 5, 6, 7], ""start_time"": ""08:00"", ""end_time"": ""18:00""}]",[0],"[1, 0]",{},3,179,这里不错,0.0,0,0
上海西庭网球俱乐部,https://static.poptennis.com.cn/court/1768728941013gl3HCxVWEY.webp,31,1,12,华漕镇金丰路555弄,31.201141,121.287146,,"[{""weekdays"": [1, 2, 3, 4, 5, 6, 7], ""start_time"": ""08:00"", ""end_time"": ""18:00""}]",[0],[1],{},13,148,这里不错,0.0,0,0
网悦网球,https://static.poptennis.com.cn/court/1768728941013gl3HCxVWEY.webp,31,1,12,华漕镇北翟路5101号17栋203室,31.205742,121.298069,,"[{""weekdays"": [1, 2, 3, 4, 5, 6, 7], ""start_time"": ""08:00"", ""end_time"": ""18:00""}]",[0],[1],{},4,135,这里不错,0.0,0,0
沪动吧网球俱乐部(申长路店),https://static.poptennis.com.cn/court/1768728941013gl3HCxVWEY.webp,31,1,12,申长路869号龙湖虹桥天街A馆六楼,31.191348,121.313057,,"[{""weekdays"": [1, 2, 3, 4, 5, 6, 7], ""start_time"": ""08:00"", ""end_time"": ""18:00""}]",[2],[0],{},1,182,这里不错,0.0,0,0
Our Tennis网球俱乐部,https://static.poptennis.com.cn/court/1768728941013gl3HCxVWEY.webp,31,1,12,申长路869号龙湖虹桥天街A座6楼,31.191348,121.313057,,"[{""weekdays"": [1, 2, 3, 4, 5, 6, 7], ""start_time"": ""08:00"", ""end_time"": ""18:00""}]",[2],[0],{},1,151,这里不错,0.0,0,0
壹颗网球俱乐部,https://static.poptennis.com.cn/court/1768728941013gl3HCxVWEY.webp,31,1,12,七宝镇吴宝路899弄8号金球驾校内,31.170441,121.340821,,"[{""weekdays"": [1, 2, 3, 4, 5, 6, 7], ""start_time"": ""08:00"", ""end_time"": ""18:00""}]",[2],[0],{},3,126,这里不错,0.0,0,0
焱网新明星花园网球场,https://static.poptennis.com.cn/court/1768728941013gl3HCxVWEY.webp,31,1,12,航北路180弄,31.175287,121.356295,,"[{""weekdays"": [1, 2, 3, 4, 5, 6, 7], ""start_time"": ""08:00"", ""end_time"": ""18:00""}]",[2],[0],{},1,123,这里不错,0.0,0,0
体汇+红馆,https://static.poptennis.com.cn/court/1768728941013gl3HCxVWEY.webp,31,1,12,吴中路2088弄1号主楼,31.169029,121.358266,,"[{""weekdays"": [1, 2, 3, 4, 5, 6, 7], ""start_time"": ""08:00"", ""end_time"": ""18:00""}]",[2],[0],{},1,122,这里不错,0.0,0,0
快网·闵行七宝球场,https://static.poptennis.com.cn/court/1768728941013gl3HCxVWEY.webp,31,1,12,七莘路3155号联华超市顶楼,31.156852,121.345924,,"[{""weekdays"": [1, 2, 3, 4, 5, 6, 7], ""start_time"": ""08:00"", ""end_time"": ""18:00""}]",[2],[0],{},2,144,这里不错,0.0,0,0
申亭网球俱乐部(沪松公路店),https://static.poptennis.com.cn/court/1768728941013gl3HCxVWEY.webp,31,1,17,沪松公路1108弄,31.016401,121.261719,,"[{""weekdays"": [1, 2, 3, 4, 5, 6, 7], ""start_time"": ""08:00"", ""end_time"": ""18:00""}]",[2],[1],{},2,147,这里不错,0.0,0,0
景驿网球(奥林匹克花园店),https://static.poptennis.com.cn/court/1768728941013gl3HCxVWEY.webp,31,1,17,九亭沪松公路1118号,31.147858,121.326801,,"[{""weekdays"": [1, 2, 3, 4, 5, 6, 7], ""start_time"": ""08:00"", ""end_time"": ""18:00""}]",[2],[0],{},2,200,这里不错,0.0,0,0
申亭网球俱乐部(九亭蒲汇路店),https://static.poptennis.com.cn/court/1768728941013gl3HCxVWEY.webp,31,1,17,九亭镇蒲汇路189号,31.138075,121.326138,,"[{""weekdays"": [1, 2, 3, 4, 5, 6, 7], ""start_time"": ""08:00"", ""end_time"": ""18:00""}]",[2],[1],{},4,189,这里不错,0.0,0,0
MJ Tennis 闵行莘庄七宝店,https://static.poptennis.com.cn/court/1768728941013gl3HCxVWEY.webp,31,1,12,中谊路859号,31.140234,121.35642,,"[{""weekdays"": [1, 2, 3, 4, 5, 6, 7], ""start_time"": ""08:00"", ""end_time"": ""18:00""}]",[2],"[1, 0]",{},3,114,这里不错,0.0,0,0
焱网七莘路网球场,https://static.poptennis.com.cn/court/1768728941013gl3HCxVWEY.webp,31,1,12,七莘路1885号,31.137714,121.360474,,"[{""weekdays"": [1, 2, 3, 4, 5, 6, 7], ""start_time"": ""08:00"", ""end_time"": ""18:00""}]",[2],[0],{},1,156,这里不错,0.0,0,0
闵行区体育公园,https://static.poptennis.com.cn/court/1768728941013gl3HCxVWEY.webp,31,1,12,新镇路456号,31.145176,121.365919,,"[{""weekdays"": [1, 2, 3, 4, 5, 6, 7], ""start_time"": ""08:00"", ""end_time"": ""18:00""}]",[2],[0],{},2,197,这里不错,0.0,0,0
橙亿网球,https://static.poptennis.com.cn/court/1768728941013gl3HCxVWEY.webp,31,1,17,九亭中心路999弄98号,31.106822,121.327426,,"[{""weekdays"": [1, 2, 3, 4, 5, 6, 7], ""start_time"": ""08:00"", ""end_time"": ""18:00""}]",[2],[1],{},4,128,这里不错,0.0,0,0
李宁·王朋仁羽毛球篮球网球馆,https://static.poptennis.com.cn/court/1768728941013gl3HCxVWEY.webp,31,1,17,南洋路1号南洋启赋城6号楼,31.12064,121.325848,,"[{""weekdays"": [1, 2, 3, 4, 5, 6, 7], ""start_time"": ""08:00"", ""end_time"": ""18:00""}]",[2],[1],{},1,185,这里不错,0.0,0,0
工匠体育(水清路儿童室内馆),https://static.poptennis.com.cn/court/1768728941013gl3HCxVWEY.webp,31,1,12,水清路1028弄万吉花园会所一楼,31.12736,121.376901,,"[{""weekdays"": [1, 2, 3, 4, 5, 6, 7], ""start_time"": ""08:00"", ""end_time"": ""18:00""}]",[2],[1],{},1,172,这里不错,0.0,0,0
莘庄山花路市民健身中心,https://static.poptennis.com.cn/court/1768728941013gl3HCxVWEY.webp,31,1,12,山花路516号(莘光小学对面),31.124737,121.382627,,"[{""weekdays"": [1, 2, 3, 4, 5, 6, 7], ""start_time"": ""08:00"", ""end_time"": ""18:00""}]",[2],[1],{},1,115,这里不错,0.0,0,0
动茵体育·封村体育健身中心,https://static.poptennis.com.cn/court/1768728941013gl3HCxVWEY.webp,31,1,13,塘祁路1588号,31.326239,121.3752,,"[{""weekdays"": [1, 2, 3, 4, 5, 6, 7], ""start_time"": ""08:00"", ""end_time"": ""18:00""}]",[2],[1],{},2,127,这里不错,0.0,0,0
网球纪网球公园,https://static.poptennis.com.cn/court/1768728941013gl3HCxVWEY.webp,31,1,13,祁连山路3588弄118号,31.328428,121.378025,,"[{""weekdays"": [1, 2, 3, 4, 5, 6, 7], ""start_time"": ""08:00"", ""end_time"": ""18:00""}]",[2],[0],{},6,108,这里不错,0.0,0,0
老安村市民球场,https://static.poptennis.com.cn/court/1768728941013gl3HCxVWEY.webp,31,1,13,陆翔路祁连公园内(东侧),31.315916,121.382267,,"[{""weekdays"": [1, 2, 3, 4, 5, 6, 7], ""start_time"": ""08:00"", ""end_time"": ""18:00""}]",[2],[0],{},1,132,这里不错,0.0,0,0
唛恩·祁挥网羽中心,https://static.poptennis.com.cn/court/1768728941013gl3HCxVWEY.webp,31,1,7,祁安路300号,31.290448,121.386201,,"[{""weekdays"": [1, 2, 3, 4, 5, 6, 7], ""start_time"": ""08:00"", ""end_time"": ""18:00""}]",[0],"[1, 0]",{},11,184,这里不错,0.0,0,0
1876顶峰网球场,https://static.poptennis.com.cn/court/1768728941013gl3HCxVWEY.webp,31,1,13,1876园区山顶,31.405242,121.489431,,"[{""weekdays"": [1, 2, 3, 4, 5, 6, 7], ""start_time"": ""08:00"", ""end_time"": ""18:00""}]",[0],[0],{},2,139,这里不错,0.0,0,0
联西村民体育场,https://static.poptennis.com.cn/court/1768728941013gl3HCxVWEY.webp,31,1,13,兆南路130号联西村民体育场,31.303957,121.399507,,"[{""weekdays"": [1, 2, 3, 4, 5, 6, 7], ""start_time"": ""08:00"", ""end_time"": ""18:00""}]",[0],[0],{},1,165,这里不错,0.0,0,0
HGA网球俱乐部(宝山大华店),https://static.poptennis.com.cn/court/1768728941013gl3HCxVWEY.webp,31,1,13,真大路450弄A栋楼顶,31.2946,121.403557,,"[{""weekdays"": [1, 2, 3, 4, 5, 6, 7], ""start_time"": ""08:00"", ""end_time"": ""18:00""}]",[2],[0],{},3,166,这里不错,0.0,0,0
翱翔者网球俱乐部(森兰店),https://static.poptennis.com.cn/court/1768728941013gl3HCxVWEY.webp,31,1,15,坤逸路与高西路交叉口,31.318311,121.595619,,"[{""weekdays"": [1, 2, 3, 4, 5, 6, 7], ""start_time"": ""08:00"", ""end_time"": ""18:00""}]",[0],[0],{},3,184,这里不错,0.0,0,0
疯狂网球俱乐部(森兰店硬地场),https://static.poptennis.com.cn/court/1768728941013gl3HCxVWEY.webp,31,1,15,张杨北路2700号森兰无界体育公园,31.307267,121.59193,,"[{""weekdays"": [1, 2, 3, 4, 5, 6, 7], ""start_time"": ""08:00"", ""end_time"": ""18:00""}]",[0],"[1, 0]",{},4,199,这里不错,0.0,0,0
麦斯特网球中心(森兰体育公园店),https://static.poptennis.com.cn/court/1768728941013gl3HCxVWEY.webp,31,1,15,高行镇张杨北路2700号森兰体育公园,31.307366,121.592045,,"[{""weekdays"": [1, 2, 3, 4, 5, 6, 7], ""start_time"": ""08:00"", ""end_time"": ""18:00""}]",[0],[0],{},1,115,这里不错,0.0,0,0
疯狂网球俱乐部(森兰无界体育公园店-红土场),https://static.poptennis.com.cn/court/1768728941013gl3HCxVWEY.webp,31,1,15,张杨北路2700号森兰无界体育公园,31.307267,121.59193,,"[{""weekdays"": [1, 2, 3, 4, 5, 6, 7], ""start_time"": ""08:00"", ""end_time"": ""18:00""}]",[1],[0],{},4,111,这里不错,0.0,0,0
翱翔者&基石网球俱乐部(森兰邻里公园店),https://static.poptennis.com.cn/court/1768728941013gl3HCxVWEY.webp,31,1,15,德爱路787号森兰邻里公园网球场,31.295865,121.591362,,"[{""weekdays"": [1, 2, 3, 4, 5, 6, 7], ""start_time"": ""08:00"", ""end_time"": ""18:00""}]",[0],"[1, 0]",{},4,174,这里不错,0.0,0,0
超岛体育,https://static.poptennis.com.cn/court/1768728941013gl3HCxVWEY.webp,31,1,10,共青路430号内,31.290363,121.561411,,"[{""weekdays"": [1, 2, 3, 4, 5, 6, 7], ""start_time"": ""08:00"", ""end_time"": ""18:00""}]",[0],[1],{},1,129,这里不错,0.0,0,0
光圈网球·HALOTENNIS (浦东北路室外场),https://static.poptennis.com.cn/court/1768728941013gl3HCxVWEY.webp,31,1,15,浦东北路1298号,31.293684,121.573214,,"[{""weekdays"": [1, 2, 3, 4, 5, 6, 7], ""start_time"": ""08:00"", ""end_time"": ""18:00""}]",[0],[0],{},2,185,这里不错,0.0,0,0
WillRising网球俱乐部,https://static.poptennis.com.cn/court/1768728941013gl3HCxVWEY.webp,31,1,15,浦东北路985号,31.288738,121.572761,,"[{""weekdays"": [1, 2, 3, 4, 5, 6, 7], ""start_time"": ""08:00"", ""end_time"": ""18:00""}]",[0],[1],{},2,158,这里不错,0.0,0,0
极禾网球俱乐部,https://static.poptennis.com.cn/court/1768728941013gl3HCxVWEY.webp,31,1,10,共青路82弄10号(临近江边),31.275103,121.563761,,"[{""weekdays"": [1, 2, 3, 4, 5, 6, 7], ""start_time"": ""08:00"", ""end_time"": ""18:00""}]",[2],[0],{},1,141,这里不错,0.0,0,0
橙子网球(博兴路店)·沪东体育科技园,https://static.poptennis.com.cn/court/1768728941013gl3HCxVWEY.webp,31,1,15,博兴路85号,31.270942,121.57894,,"[{""weekdays"": [1, 2, 3, 4, 5, 6, 7], ""start_time"": ""08:00"", ""end_time"": ""18:00""}]",[0],[1],{},2,160,这里不错,0.0,0,0
拍晟网球俱乐部(开兴健身园店),https://static.poptennis.com.cn/court/1768728941013gl3HCxVWEY.webp,31,1,15,双桥路318号开兴健身园内,31.285364,121.603676,,"[{""weekdays"": [1, 2, 3, 4, 5, 6, 7], ""start_time"": ""08:00"", ""end_time"": ""18:00""}]",[0],"[1, 0]",{},4,180,这里不错,0.0,0,0
SEEDSTAR种子新星网球(融创店),https://static.poptennis.com.cn/court/1768728941013gl3HCxVWEY.webp,31,1,15,归昌路126号融创精彩天地A座广场,31.275595,121.598792,,"[{""weekdays"": [1, 2, 3, 4, 5, 6, 7], ""start_time"": ""08:00"", ""end_time"": ""18:00""}]",[0],[1],{},1,110,这里不错,0.0,0,0
爱星网羽俱乐部,https://static.poptennis.com.cn/court/1768728941013gl3HCxVWEY.webp,31,1,15,金桥镇巨峰路868号巨丰文化广场,31.279756,121.605792,,"[{""weekdays"": [1, 2, 3, 4, 5, 6, 7], ""start_time"": ""08:00"", ""end_time"": ""18:00""}]",[0],[0],{},1,143,这里不错,0.0,0,0
康景网球俱乐部,https://static.poptennis.com.cn/court/1768728941013gl3HCxVWEY.webp,31,1,15,金桥镇杨高北路4705弄58号,31.279107,121.604907,,"[{""weekdays"": [1, 2, 3, 4, 5, 6, 7], ""start_time"": ""08:00"", ""end_time"": ""18:00""}]",[0],[1],{},3,167,这里不错,0.0,0,0
至臻网球(黄兴体育公园店),https://static.poptennis.com.cn/court/1768728941013gl3HCxVWEY.webp,31,1,10,双阳北路363号黄兴体育公园网球场,31.294695,121.5261,,"[{""weekdays"": [1, 2, 3, 4, 5, 6, 7], ""start_time"": ""08:00"", ""end_time"": ""18:00""}]",[0],[1],{},3,190,这里不错,0.0,0,0
甜区网球·乐动力杨浦体育中心室内网球馆,https://static.poptennis.com.cn/court/1768728941013gl3HCxVWEY.webp,31,1,10,隆昌路640号3楼,31.280022,121.540496,,"[{""weekdays"": [1, 2, 3, 4, 5, 6, 7], ""start_time"": ""08:00"", ""end_time"": ""18:00""}]",[0],[1],{},3,157,这里不错,0.0,0,0
长阳创谷体育中心,https://static.poptennis.com.cn/court/1768728941013gl3HCxVWEY.webp,31,1,10,黄兴路168号,31.272629,121.531387,,"[{""weekdays"": [1, 2, 3, 4, 5, 6, 7], ""start_time"": ""08:00"", ""end_time"": ""18:00""}]",[0],[1],{},1,181,这里不错,0.0,0,0
至臻网球(长阳店),https://static.poptennis.com.cn/court/1768728941013gl3HCxVWEY.webp,31,1,10,内江路191号洛克公园二楼,31.27774,121.54891,,"[{""weekdays"": [1, 2, 3, 4, 5, 6, 7], ""start_time"": ""08:00"", ""end_time"": ""18:00""}]",[0],[1],{},2,130,这里不错,0.0,0,0
乐动力·杨浦滨江运动公园,https://static.poptennis.com.cn/court/1768728941013gl3HCxVWEY.webp,31,1,10,平定路最南面靠近江边,31.262884,121.552143,,"[{""weekdays"": [1, 2, 3, 4, 5, 6, 7], ""start_time"": ""08:00"", ""end_time"": ""18:00""}]",[0],[0],{},2,198,这里不错,0.0,0,0
至臻网球(金杨店),https://static.poptennis.com.cn/court/1768728941013gl3HCxVWEY.webp,31,1,15,云山路688号乐居里3号楼,31.254615,121.567832,,"[{""weekdays"": [1, 2, 3, 4, 5, 6, 7], ""start_time"": ""08:00"", ""end_time"": ""18:00""}]",[0],[1],{},3,200,这里不错,0.0,0,0
快网网球俱乐部(浦东金杨店),https://static.poptennis.com.cn/court/1768728941013gl3HCxVWEY.webp,31,1,15,博山东路358号幕天里三楼网球场,31.251548,121.567332,,"[{""weekdays"": [1, 2, 3, 4, 5, 6, 7], ""start_time"": ""08:00"", ""end_time"": ""18:00""}]",[0],[0],{},2,199,这里不错,0.0,0,0
碧云荣广网球场,https://static.poptennis.com.cn/court/1768728941013gl3HCxVWEY.webp,31,1,15,黄杨路25号,31.243296,121.586449,,"[{""weekdays"": [1, 2, 3, 4, 5, 6, 7], ""start_time"": ""08:00"", ""end_time"": ""18:00""}]",[1],[1],{},2,194,这里不错,0.0,0,0
Vita网球俱乐部,https://static.poptennis.com.cn/court/1768728941013gl3HCxVWEY.webp,31,1,15,黄杨路65弄,31.241972,121.588539,,"[{""weekdays"": [1, 2, 3, 4, 5, 6, 7], ""start_time"": ""08:00"", ""end_time"": ""18:00""}]",[0],[0],{},1,188,这里不错,0.0,0,0
酷玩网球俱乐部(金桥店-红星美凯龙8楼),https://static.poptennis.com.cn/court/1768728941013gl3HCxVWEY.webp,31,1,15,金藏路158号红星美凯龙8楼网球场,31.248933,121.595703,,"[{""weekdays"": [1, 2, 3, 4, 5, 6, 7], ""start_time"": ""08:00"", ""end_time"": ""18:00""}]",[0],[0],{},2,116,这里不错,0.0,0,0
酷玩网球俱乐部(金桥店-1楼室外),https://static.poptennis.com.cn/court/1768728941013gl3HCxVWEY.webp,31,1,15,金藏路158号1楼(靠近三号门),31.248105,121.596208,,"[{""weekdays"": [1, 2, 3, 4, 5, 6, 7], ""start_time"": ""08:00"", ""end_time"": ""18:00""}]",[0],[0],{},2,107,这里不错,0.0,0,0
绿茵网球中心,https://static.poptennis.com.cn/court/1768728941013gl3HCxVWEY.webp,31,1,15,金港路211号,31.256507,121.610873,,"[{""weekdays"": [1, 2, 3, 4, 5, 6, 7], ""start_time"": ""08:00"", ""end_time"": ""18:00""}]",[0],[0],{},2,153,这里不错,0.0,0,0
决胜点网球(金港路店),https://static.poptennis.com.cn/court/1768728941013gl3HCxVWEY.webp,31,1,15,金港路558号,31.250219,121.614021,,"[{""weekdays"": [1, 2, 3, 4, 5, 6, 7], ""start_time"": ""08:00"", ""end_time"": ""18:00""}]",[0],"[1, 0]",{},3,102,这里不错,0.0,0,0
碧云网球中心,https://static.poptennis.com.cn/court/1768728941013gl3HCxVWEY.webp,31,1,15,碧云社区川桥路180号,31.243039,121.601576,,"[{""weekdays"": [1, 2, 3, 4, 5, 6, 7], ""start_time"": ""08:00"", ""end_time"": ""18:00""}]",[0],[0],{},9,192,这里不错,0.0,0,0
节拍新星网球馆(火星谷店),https://static.poptennis.com.cn/court/1768728941013gl3HCxVWEY.webp,31,1,15,桂桥路115号3号楼(火星谷)货梯2楼,31.242079,121.605857,,"[{""weekdays"": [1, 2, 3, 4, 5, 6, 7], ""start_time"": ""08:00"", ""end_time"": ""18:00""}]",[0],[1],{},1,197,这里不错,0.0,0,0
智悦网球,https://static.poptennis.com.cn/court/1768728941013gl3HCxVWEY.webp,31,1,15,金葵路560弄,31.237073,121.617751,,"[{""weekdays"": [1, 2, 3, 4, 5, 6, 7], ""start_time"": ""08:00"", ""end_time"": ""18:00""}]",[0],[0],{},1,176,这里不错,0.0,0,0
上海东郊宾馆,https://static.poptennis.com.cn/court/1768728941013gl3HCxVWEY.webp,31,1,15,金科路1800号东郊宾馆悦宾楼,31.22374,121.594622,,"[{""weekdays"": [1, 2, 3, 4, 5, 6, 7], ""start_time"": ""08:00"", ""end_time"": ""18:00""}]",[0],"[1, 0]",{},10,134,这里不错,0.0,0,0
迈兹MASS-德国中心网球馆(科苑路店),https://static.poptennis.com.cn/court/1768728941013gl3HCxVWEY.webp,31,1,15,科苑路88号,31.210914,121.586845,,"[{""weekdays"": [1, 2, 3, 4, 5, 6, 7], ""start_time"": ""08:00"", ""end_time"": ""18:00""}]",[0],[0],{},2,119,这里不错,0.0,0,0
快网网球俱乐部(浦东夏宫店)·城市经典夏宫,https://static.poptennis.com.cn/court/1768728941013gl3HCxVWEY.webp,31,1,15,"香楠路488弄,近广兰路",31.212216,121.616271,,"[{""weekdays"": [1, 2, 3, 4, 5, 6, 7], ""start_time"": ""08:00"", ""end_time"": ""18:00""}]",[0],[0],{},1,101,这里不错,0.0,0,0
张江君庭集电港网球场,https://static.poptennis.com.cn/court/1768728941013gl3HCxVWEY.webp,31,1,15,"张江丹桂路张东路,集电港一期",31.221918,121.63237,,"[{""weekdays"": [1, 2, 3, 4, 5, 6, 7], ""start_time"": ""08:00"", ""end_time"": ""18:00""}]",[0],[0],{},2,180,这里不错,0.0,0,0
拍晟网球俱乐部(旋风店),https://static.poptennis.com.cn/court/1768728941013gl3HCxVWEY.webp,31,1,15,张江高科技园区亮景路265号,31.204289,121.607217,,"[{""weekdays"": [1, 2, 3, 4, 5, 6, 7], ""start_time"": ""08:00"", ""end_time"": ""18:00""}]",[0],[1],{},2,147,这里不错,0.0,0,0
熊猫网球(张江店)·烈火体育中心,https://static.poptennis.com.cn/court/1768728941013gl3HCxVWEY.webp,31,1,15,张东路2600号,31.193541,121.638117,,"[{""weekdays"": [1, 2, 3, 4, 5, 6, 7], ""start_time"": ""08:00"", ""end_time"": ""18:00""}]",[0],[0],{},2,145,这里不错,0.0,0,0
熊猫网球·玫瑰湾,https://static.poptennis.com.cn/court/1768728941013gl3HCxVWEY.webp,31,1,15,张江玫瑰湾会所2楼,31.181425,121.628825,,"[{""weekdays"": [1, 2, 3, 4, 5, 6, 7], ""start_time"": ""08:00"", ""end_time"": ""18:00""}]",[0],[0],{},2,150,这里不错,0.0,0,0
Pt Tennis,https://static.poptennis.com.cn/court/1768728941013gl3HCxVWEY.webp,31,1,15,北蔡镇罗山路5115号,31.164381,121.590494,,"[{""weekdays"": [1, 2, 3, 4, 5, 6, 7], ""start_time"": ""08:00"", ""end_time"": ""18:00""}]",[0],[1],{},3,152,这里不错,0.0,0,0
康东星耀网球,https://static.poptennis.com.cn/court/1768728941013gl3HCxVWEY.webp,31,1,15,康桥东路500号,31.153254,121.607413,,"[{""weekdays"": [1, 2, 3, 4, 5, 6, 7], ""start_time"": ""08:00"", ""end_time"": ""18:00""}]",[1],[1],{},10,144,这里不错,0.0,0,0
劲友网球俱乐部,https://static.poptennis.com.cn/court/1768728941013gl3HCxVWEY.webp,31,1,15,张江河北路555号,31.164502,121.631767,,"[{""weekdays"": [1, 2, 3, 4, 5, 6, 7], ""start_time"": ""08:00"", ""end_time"": ""18:00""}]",[0],"[1, 0]",{},2,168,这里不错,0.0,0,0
SEEDSTAR种子新星网球(桂林路店),https://static.poptennis.com.cn/court/1768728941013gl3HCxVWEY.webp,31,1,15,德必芳华陆家嘴互联网创新基地东南门旁,31.194681,121.553234,,"[{""weekdays"": [1, 2, 3, 4, 5, 6, 7], ""start_time"": ""08:00"", ""end_time"": ""18:00""}]",[0],[1],{},1,200,这里不错,0.0,0,0
至臻网球(芳华店),https://static.poptennis.com.cn/court/1768728941013gl3HCxVWEY.webp,31,1,15,芳草路63号,31.193273,121.551546,,"[{""weekdays"": [1, 2, 3, 4, 5, 6, 7], ""start_time"": ""08:00"", ""end_time"": ""18:00""}]",[0],[1],{},3,174,这里不错,0.0,0,0
左佑网球浦东世外桃源店,https://static.poptennis.com.cn/court/1768728941013gl3HCxVWEY.webp,31,1,15,北蔡镇莲溪路109号,31.186331,121.560662,,"[{""weekdays"": [1, 2, 3, 4, 5, 6, 7], ""start_time"": ""08:00"", ""end_time"": ""18:00""}]",[0],[0],{},2,132,这里不错,0.0,0,0
瑞宝综合体育馆,https://static.poptennis.com.cn/court/1768728941013gl3HCxVWEY.webp,31,1,15,新陈路815号,31.181836,121.57245,,"[{""weekdays"": [1, 2, 3, 4, 5, 6, 7], ""start_time"": ""08:00"", ""end_time"": ""18:00""}]",[0],[1],{},2,136,这里不错,0.0,0,0
HGA网球俱乐部(中环御桥复地活力城店),https://static.poptennis.com.cn/court/1768728941013gl3HCxVWEY.webp,31,1,15,沪南路2229号复地活力城6楼,31.158316,121.564732,,"[{""weekdays"": [1, 2, 3, 4, 5, 6, 7], ""start_time"": ""08:00"", ""end_time"": ""18:00""}]",[2],[0],{},1,116,这里不错,0.0,0,0
菊远网球俱乐部(御桥店),https://static.poptennis.com.cn/court/1768728941013gl3HCxVWEY.webp,31,1,15,沪南路2655号开格科技园区,31.146108,121.568748,,"[{""weekdays"": [1, 2, 3, 4, 5, 6, 7], ""start_time"": ""08:00"", ""end_time"": ""18:00""}]",[0],[1],{},1,135,这里不错,0.0,0,0
聚顶体育·宏慧音悦湾,https://static.poptennis.com.cn/court/1768728941013gl3HCxVWEY.webp,31,1,15,严家桥1号宏慧音悦湾6号楼6楼,31.196454,121.529431,,"[{""weekdays"": [1, 2, 3, 4, 5, 6, 7], ""start_time"": ""08:00"", ""end_time"": ""18:00""}]",[0],[0],{},2,105,这里不错,0.0,0,0
快网网球俱乐部(浦东大华店),https://static.poptennis.com.cn/court/1768728941013gl3HCxVWEY.webp,31,1,15,成山路1139号锦绣中心5楼,31.175123,121.520606,,"[{""weekdays"": [1, 2, 3, 4, 5, 6, 7], ""start_time"": ""08:00"", ""end_time"": ""18:00""}]",[0],[0],{},2,160,这里不错,0.0,0,0
球上劲网球运动中心(成山路巴黎春天店),https://static.poptennis.com.cn/court/1768728941013gl3HCxVWEY.webp,31,1,15,成山路1993号巴黎春天商场西门口,31.179065,121.535458,,"[{""weekdays"": [1, 2, 3, 4, 5, 6, 7], ""start_time"": ""08:00"", ""end_time"": ""18:00""}]",[0],[0],{},1,161,这里不错,0.0,0,0
HGA网球俱乐部(浦三路室内店),https://static.poptennis.com.cn/court/1768728941013gl3HCxVWEY.webp,31,1,15,浦三路1515号,31.167268,121.529391,,"[{""weekdays"": [1, 2, 3, 4, 5, 6, 7], ""start_time"": ""08:00"", ""end_time"": ""18:00""}]",[0],[1],{},2,150,这里不错,0.0,0,0
北蔡镇社区文化活动中心,https://static.poptennis.com.cn/court/1768728941013gl3HCxVWEY.webp,31,1,15,陈春路101号,31.173309,121.55539,,"[{""weekdays"": [1, 2, 3, 4, 5, 6, 7], ""start_time"": ""08:00"", ""end_time"": ""18:00""}]",[0],[0],{},1,101,这里不错,0.0,0,0
行者网球俱乐部·上海中天科技商务园,https://static.poptennis.com.cn/court/1768728941013gl3HCxVWEY.webp,31,1,15,康桥路787号中天科技园1号楼旁,31.146152,121.549371,,"[{""weekdays"": [1, 2, 3, 4, 5, 6, 7], ""start_time"": ""08:00"", ""end_time"": ""18:00""}]",[0],[1],{},2,168,这里不错,0.0,0,0
至臻网球(康桥店),https://static.poptennis.com.cn/court/1768728941013gl3HCxVWEY.webp,31,1,15,康桥路628号4栋,31.142196,121.547444,,"[{""weekdays"": [1, 2, 3, 4, 5, 6, 7], ""start_time"": ""08:00"", ""end_time"": ""18:00""}]",[0],[1],{},3,199,这里不错,0.0,0,0
HGA网球俱乐部(118广场店),https://static.poptennis.com.cn/court/1768728941013gl3HCxVWEY.webp,31,1,7,金沙江路1685号农工商楼上4楼,31.231777,121.378456,,"[{""weekdays"": [1, 2, 3, 4, 5, 6, 7], ""start_time"": ""08:00"", ""end_time"": ""18:00""}]",[2],[0],{},3,180,这里不错,0.0,0,0
快网网球俱乐部(普陀中环店),https://static.poptennis.com.cn/court/1768728941013gl3HCxVWEY.webp,31,1,7,云岭西路与真北路交叉口高架下(洛克公园...,31.225267,121.376777,,"[{""weekdays"": [1, 2, 3, 4, 5, 6, 7], ""start_time"": ""08:00"", ""end_time"": ""18:00""}]",[0],[1],{},2,198,这里不错,0.0,0,0
至臻网球(天山店),https://static.poptennis.com.cn/court/1768728941013gl3HCxVWEY.webp,31,1,5,北翟路72号至臻网球室外粉色球场,31.220076,121.377267,,"[{""weekdays"": [1, 2, 3, 4, 5, 6, 7], ""start_time"": ""08:00"", ""end_time"": ""18:00""}]",[0],[0],{},4,124,这里不错,0.0,0,0
快网网球俱乐部(淞虹路店),https://static.poptennis.com.cn/court/1768728941013gl3HCxVWEY.webp,31,1,5,金钟路631号3号楼7楼天台,31.2194,121.358862,,"[{""weekdays"": [1, 2, 3, 4, 5, 6, 7], ""start_time"": ""08:00"", ""end_time"": ""18:00""}]",[2],[0],{},1,126,这里不错,0.0,0,0
快网网球俱乐部(临空店),https://static.poptennis.com.cn/court/1768728941013gl3HCxVWEY.webp,31,1,5,金钟路631弄3号7楼,31.219396,121.358769,,"[{""weekdays"": [1, 2, 3, 4, 5, 6, 7], ""start_time"": ""08:00"", ""end_time"": ""18:00""}]",[2],[0],{},1,162,这里不错,0.0,0,0
节奏网球俱乐部(晨讯科技大楼店),https://static.poptennis.com.cn/court/1768728941013gl3HCxVWEY.webp,31,1,5,金钟路633号晨讯科技大楼A楼8楼,31.220289,121.359339,,"[{""weekdays"": [1, 2, 3, 4, 5, 6, 7], ""start_time"": ""08:00"", ""end_time"": ""18:00""}]",[0],[0],{},1,151,这里不错,0.0,0,0
虹康绿地休闲广场,https://static.poptennis.com.cn/court/1768728941013gl3HCxVWEY.webp,31,1,5,新泾镇泉口路111号近剑河路(适存小学对面),31.213418,121.369875,,"[{""weekdays"": [1, 2, 3, 4, 5, 6, 7], ""start_time"": ""08:00"", ""end_time"": ""18:00""}]",[0],[0],{},1,126,这里不错,0.0,0,0
纽绍克健身网球场,https://static.poptennis.com.cn/court/1768728941013gl3HCxVWEY.webp,31,1,5,中泾路27号,31.200903,121.362582,,"[{""weekdays"": [1, 2, 3, 4, 5, 6, 7], ""start_time"": ""08:00"", ""end_time"": ""18:00""}]",[0],[0],{},1,192,这里不错,0.0,0,0
极星网球俱乐部(龙柏饭店),https://static.poptennis.com.cn/court/1768728941013gl3HCxVWEY.webp,31,1,5,虹桥路2419号,31.189116,121.360461,,"[{""weekdays"": [1, 2, 3, 4, 5, 6, 7], ""start_time"": ""08:00"", ""end_time"": ""18:00""}]",[0],[0],{},2,101,这里不错,0.0,0,0
酷派网球场,https://static.poptennis.com.cn/court/1768728941013gl3HCxVWEY.webp,31,1,12,虹桥镇延安西路3328号酷派网球俱乐部,31.202698,121.288305,,"[{""weekdays"": [1, 2, 3, 4, 5, 6, 7], ""start_time"": ""08:00"", ""end_time"": ""18:00""}]",[0],[0],{},2,155,这里不错,0.0,0,0
恺名网球俱乐部,https://static.poptennis.com.cn/court/1768728941013gl3HCxVWEY.webp,31,1,5,虹桥路2272号,31.191264,121.376466,,"[{""weekdays"": [1, 2, 3, 4, 5, 6, 7], ""start_time"": ""08:00"", ""end_time"": ""18:00""}]",[0],[1],{},1,112,这里不错,0.0,0,0
HGA网球俱乐部(虹梅路店)·森晟世洋国际广场,https://static.poptennis.com.cn/court/1768728941013gl3HCxVWEY.webp,31,1,5,虹梅路3721号森晟世洋国际广场,31.191282,121.384082,,"[{""weekdays"": [1, 2, 3, 4, 5, 6, 7], ""start_time"": ""08:00"", ""end_time"": ""18:00""}]",[0],[0],{},1,150,这里不错,0.0,0,0
明越网球(虹桥古北店),https://static.poptennis.com.cn/court/1768728941013gl3HCxVWEY.webp,31,1,12,虹桥镇程家桥支路201号智地大厦9楼,31.184688,121.384201,,"[{""weekdays"": [1, 2, 3, 4, 5, 6, 7], ""start_time"": ""08:00"", ""end_time"": ""18:00""}]",[0],[0],{},1,122,这里不错,0.0,0,0
【新店开业9折】至臻网球·虹桥店,https://static.poptennis.com.cn/court/1768728941013gl3HCxVWEY.webp,31,1,12,合川路3088号4号楼1楼,31.179009,121.382549,,"[{""weekdays"": [1, 2, 3, 4, 5, 6, 7], ""start_time"": ""08:00"", ""end_time"": ""18:00""}]",[0],[1],{},2,111,这里不错,0.0,0,0
虹桥基金小镇,https://static.poptennis.com.cn/court/1768728941013gl3HCxVWEY.webp,31,1,12,虹梅路3081号,31.182985,121.388768,,"[{""weekdays"": [1, 2, 3, 4, 5, 6, 7], ""start_time"": ""08:00"", ""end_time"": ""18:00""}]",[0],[0],{},1,192,这里不错,0.0,0,0
魔都Modu网羽馆,https://static.poptennis.com.cn/court/1768728941013gl3HCxVWEY.webp,31,1,12,吴中路1588号上海爱琴海购物中心9楼,31.174863,121.373308,,"[{""weekdays"": [1, 2, 3, 4, 5, 6, 7], ""start_time"": ""08:00"", ""end_time"": ""18:00""}]",[0],[1],{},1,130,这里不错,0.0,0,0
瑞趣网球俱乐部(万象城店),https://static.poptennis.com.cn/court/1768728941013gl3HCxVWEY.webp,31,1,12,吴中路1799号万象城写字楼A座UG层近DD...,31.169472,121.367874,,"[{""weekdays"": [1, 2, 3, 4, 5, 6, 7], ""start_time"": ""08:00"", ""end_time"": ""18:00""}]",[0],[0],{},2,161,这里不错,0.0,0,0
明泉网球场,https://static.poptennis.com.cn/court/1768728941013gl3HCxVWEY.webp,31,1,12,虹秀路51号,31.165749,121.366163,,"[{""weekdays"": [1, 2, 3, 4, 5, 6, 7], ""start_time"": ""08:00"", ""end_time"": ""18:00""}]",[0],[1],{},1,114,这里不错,0.0,0,0
凌客网球学院(星中路店),https://static.poptennis.com.cn/court/1768728941013gl3HCxVWEY.webp,31,1,12,星东路1001号,31.156142,121.373633,,"[{""weekdays"": [1, 2, 3, 4, 5, 6, 7], ""start_time"": ""08:00"", ""end_time"": ""18:00""}]",[0],[0],{},2,183,这里不错,0.0,0,0
沪动吧网球俱乐部(漕河泾店),https://static.poptennis.com.cn/court/1768728941013gl3HCxVWEY.webp,31,1,12,漕宝路1245号悠享家公寓5楼楼顶,31.159579,121.392738,,"[{""weekdays"": [1, 2, 3, 4, 5, 6, 7], ""start_time"": ""08:00"", ""end_time"": ""18:00""}]",[2],[0],{},2,158,这里不错,0.0,0,0
OASES绿洲运动中心,https://static.poptennis.com.cn/court/1768728941013gl3HCxVWEY.webp,31,1,12,田林路888弄1号楼,31.164745,121.390377,,"[{""weekdays"": [1, 2, 3, 4, 5, 6, 7], ""start_time"": ""08:00"", ""end_time"": ""18:00""}]",[0],[1],{},3,125,这里不错,0.0,0,0
七乐网球(顾戴路室内店),https://static.poptennis.com.cn/court/1768728941013gl3HCxVWEY.webp,31,1,12,顾戴路1618号,31.138532,121.378889,,"[{""weekdays"": [1, 2, 3, 4, 5, 6, 7], ""start_time"": ""08:00"", ""end_time"": ""18:00""}]",[0],"[1, 0]",{},5,160,这里不错,0.0,0,0
焱网古美东苑网球场,https://static.poptennis.com.cn/court/1768728941013gl3HCxVWEY.webp,31,1,12,顾戴路1178弄31号3楼,31.138967,121.385247,,"[{""weekdays"": [1, 2, 3, 4, 5, 6, 7], ""start_time"": ""08:00"", ""end_time"": ""18:00""}]",[0],[0],{},3,121,这里不错,0.0,0,0
城开CTP网球俱乐部(万源城·乐斯生活会馆店),https://static.poptennis.com.cn/court/1768728941013gl3HCxVWEY.webp,31,1,12,万源路916号乐斯生活会馆4楼,31.148642,121.394381,,"[{""weekdays"": [1, 2, 3, 4, 5, 6, 7], ""start_time"": ""08:00"", ""end_time"": ""18:00""}]",[0],[0],{},2,119,这里不错,0.0,0,0
快网网球俱乐部(古美中环运动公园),https://static.poptennis.com.cn/court/1768728941013gl3HCxVWEY.webp,31,1,12,虹梅路与古龙路交叉口西北40米,31.151946,121.406701,,"[{""weekdays"": [1, 2, 3, 4, 5, 6, 7], ""start_time"": ""08:00"", ""end_time"": ""18:00""}]",[0],[0],{},1,176,这里不错,0.0,0,0
大干体育运动俱乐部,https://static.poptennis.com.cn/court/1768728941013gl3HCxVWEY.webp,31,1,6,沪太路1111号(近高平路)静安大融城...,31.279852,121.427231,,"[{""weekdays"": [1, 2, 3, 4, 5, 6, 7], ""start_time"": ""08:00"", ""end_time"": ""18:00""}]",[0],[1],{},5,149,这里不错,0.0,0,0
至臻网球(大宁店),https://static.poptennis.com.cn/court/1768728941013gl3HCxVWEY.webp,31,1,6,灵石路709号秀709媒体园44幢3楼,31.285161,121.444303,,"[{""weekdays"": [1, 2, 3, 4, 5, 6, 7], ""start_time"": ""08:00"", ""end_time"": ""18:00""}]",[0],[1],{},5,100,这里不错,0.0,0,0
跃网·RISING(大宁店),https://static.poptennis.com.cn/court/1768728941013gl3HCxVWEY.webp,31,1,6,平陆路356弄1-10号,31.28562,121.446922,,"[{""weekdays"": [1, 2, 3, 4, 5, 6, 7], ""start_time"": ""08:00"", ""end_time"": ""18:00""}]",[0],[1],{},2,196,这里不错,0.0,0,0
水星网球(大宁室内馆),https://static.poptennis.com.cn/court/1768728941013gl3HCxVWEY.webp,31,1,6,彭江路602号,31.286814,121.447477,,"[{""weekdays"": [1, 2, 3, 4, 5, 6, 7], ""start_time"": ""08:00"", ""end_time"": ""18:00""}]",[0],[1],{},2,188,这里不错,0.0,0,0
沪动吧网球俱乐部(老沪太路店),https://static.poptennis.com.cn/court/1768728941013gl3HCxVWEY.webp,31,1,6,老沪太路199弄新弘国际公寓小区里,31.269384,121.453574,,"[{""weekdays"": [1, 2, 3, 4, 5, 6, 7], ""start_time"": ""08:00"", ""end_time"": ""18:00""}]",[0],[0],{},1,196,这里不错,0.0,0,0
HGA网球俱乐部(盛源广场店),https://static.poptennis.com.cn/court/1768728941013gl3HCxVWEY.webp,31,1,6,柳营路777号盛源广场电梯至5楼(麦当劳右手边),31.263885,121.455428,,"[{""weekdays"": [1, 2, 3, 4, 5, 6, 7], ""start_time"": ""08:00"", ""end_time"": ""18:00""}]",[0],[0],{},1,101,这里不错,0.0,0,0
HGA网球俱乐部(共和新路店),https://static.poptennis.com.cn/court/1768728941013gl3HCxVWEY.webp,31,1,6,共和新路1301号北楼8楼楼顶,31.263889,121.460319,,"[{""weekdays"": [1, 2, 3, 4, 5, 6, 7], ""start_time"": ""08:00"", ""end_time"": ""18:00""}]",[2],[0],{},1,110,这里不错,0.0,0,0
明越网球俱乐部(共和新路店),https://static.poptennis.com.cn/court/1768728941013gl3HCxVWEY.webp,31,1,6,共和新路1165号3号楼3楼,31.261803,121.461944,,"[{""weekdays"": [1, 2, 3, 4, 5, 6, 7], ""start_time"": ""08:00"", ""end_time"": ""18:00""}]",[2],[0],{},1,102,这里不错,0.0,0,0
合一网球俱乐部(柳营灯饰城店),https://static.poptennis.com.cn/court/1768728941013gl3HCxVWEY.webp,31,1,6,柳营路216号新柳营灯饰广场4号楼楼顶...,31.268969,121.467625,,"[{""weekdays"": [1, 2, 3, 4, 5, 6, 7], ""start_time"": ""08:00"", ""end_time"": ""18:00""}]",[0],[0],{},2,133,这里不错,0.0,0,0
3L Tennis(七浦路店),https://static.poptennis.com.cn/court/1768728941013gl3HCxVWEY.webp,31,1,6,七浦路488号白马高级服装市场3楼楼顶平台,31.245404,121.477465,,"[{""weekdays"": [1, 2, 3, 4, 5, 6, 7], ""start_time"": ""08:00"", ""end_time"": ""18:00""}]",[0],[0],{},1,118,这里不错,0.0,0,0
至臻网球·静安大悦城店,https://static.poptennis.com.cn/court/1768728941013gl3HCxVWEY.webp,31,1,6,安庆路495号停车场内,31.247687,121.475436,,"[{""weekdays"": [1, 2, 3, 4, 5, 6, 7], ""start_time"": ""08:00"", ""end_time"": ""18:00""}]",[0],[0],{},5,194,这里不错,0.0,0,0
快网网球俱乐部(壹丰广场店),https://static.poptennis.com.cn/court/1768728941013gl3HCxVWEY.webp,31,1,9,四川北路1363号壹丰广场5楼楼顶,31.252926,121.483817,,"[{""weekdays"": [1, 2, 3, 4, 5, 6, 7], ""start_time"": ""08:00"", ""end_time"": ""18:00""}]",[0],[0],{},1,115,这里不错,0.0,0,0
内啡肽(七浦路店),https://static.poptennis.com.cn/court/1768728941013gl3HCxVWEY.webp,31,1,6,河南北路99号,31.244303,121.481514,,"[{""weekdays"": [1, 2, 3, 4, 5, 6, 7], ""start_time"": ""08:00"", ""end_time"": ""18:00""}]",[0],[0],{},1,160,这里不错,0.0,0,0
白玉兰网球中心,https://static.poptennis.com.cn/court/1768728941013gl3HCxVWEY.webp,31,1,9,东长治路588号,31.248918,121.497759,,"[{""weekdays"": [1, 2, 3, 4, 5, 6, 7], ""start_time"": ""08:00"", ""end_time"": ""18:00""}]",[0],"[1, 0]",{},4,182,这里不错,0.0,0,0
北外滩社区市民健身中心,https://static.poptennis.com.cn/court/1768728941013gl3HCxVWEY.webp,31,1,9,通州路99号,31.255183,121.49872,,"[{""weekdays"": [1, 2, 3, 4, 5, 6, 7], ""start_time"": ""08:00"", ""end_time"": ""18:00""}]",[0],[1],{},3,105,这里不错,0.0,0,0
北外滩社区市民健身中心·红土场,https://static.poptennis.com.cn/court/1768728941013gl3HCxVWEY.webp,31,1,9,通州路99号,31.255183,121.49872,,"[{""weekdays"": [1, 2, 3, 4, 5, 6, 7], ""start_time"": ""08:00"", ""end_time"": ""18:00""}]",[1],[1],{},1,179,这里不错,0.0,0,0
北外滩网球运动中心,https://static.poptennis.com.cn/court/1768728941013gl3HCxVWEY.webp,31,1,9,通州路99号3层,31.255183,121.49872,,"[{""weekdays"": [1, 2, 3, 4, 5, 6, 7], ""start_time"": ""08:00"", ""end_time"": ""18:00""}]",[1],[1],{},1,161,这里不错,0.0,0,0
长阳创谷体育中心,https://static.poptennis.com.cn/court/1768728941013gl3HCxVWEY.webp,31,1,10,黄兴路168号,31.272629,121.531387,,"[{""weekdays"": [1, 2, 3, 4, 5, 6, 7], ""start_time"": ""08:00"", ""end_time"": ""18:00""}]",[0],[1],{},1,168,这里不错,0.0,0,0
乐动力·杨浦体育馆,https://static.poptennis.com.cn/court/1768728941013gl3HCxVWEY.webp,31,1,10,隆昌路640号杨浦体育馆西门橙狮体育主楼...,31.279741,121.540266,,"[{""weekdays"": [1, 2, 3, 4, 5, 6, 7], ""start_time"": ""08:00"", ""end_time"": ""18:00""}]",[0],[1],{},4,102,这里不错,0.0,0,0
至臻网球(黄兴体育公园店),https://static.poptennis.com.cn/court/1768728941013gl3HCxVWEY.webp,31,1,10,双阳北路363号黄兴体育公园网球场,31.294695,121.5261,,"[{""weekdays"": [1, 2, 3, 4, 5, 6, 7], ""start_time"": ""08:00"", ""end_time"": ""18:00""}]",[0],[1],{},3,123,这里不错,0.0,0,0
快网网球俱乐部(大华虎城店),https://static.poptennis.com.cn/court/1768728941013gl3HCxVWEY.webp,31,1,13,大华路318号中信银行侧面电梯上三楼楼梯上...,31.270046,121.414597,,"[{""weekdays"": [1, 2, 3, 4, 5, 6, 7], ""start_time"": ""08:00"", ""end_time"": ""18:00""}]",[0],[1],{},1,155,这里不错,0.0,0,0
万里公园·万里城中央绿地,https://static.poptennis.com.cn/court/1768728941013gl3HCxVWEY.webp,31,1,7,万里名轩西北,31.267528,121.409296,,"[{""weekdays"": [1, 2, 3, 4, 5, 6, 7], ""start_time"": ""08:00"", ""end_time"": ""18:00""}]",[0],[0],{},2,172,这里不错,0.0,0,0
HGA网球俱乐部(行云店),https://static.poptennis.com.cn/court/1768728941013gl3HCxVWEY.webp,31,1,7,富平路99号园区内开车从交通局上的南门左手...,31.262212,121.418604,,"[{""weekdays"": [1, 2, 3, 4, 5, 6, 7], ""start_time"": ""08:00"", ""end_time"": ""18:00""}]",[0],[0],{},2,142,这里不错,0.0,0,0
Our Tennis网球俱乐部(行云球场),https://static.poptennis.com.cn/court/1768728941013gl3HCxVWEY.webp,31,1,7,富平路99号创享社区,31.262212,121.418604,,"[{""weekdays"": [1, 2, 3, 4, 5, 6, 7], ""start_time"": ""08:00"", ""end_time"": ""18:00""}]",[0],[0],{},5,178,这里不错,0.0,0,0
至臻网球(华池店双打场),https://static.poptennis.com.cn/court/1768728941013gl3HCxVWEY.webp,31,1,7,华池路58弄新体育广场5号楼对面至臻....,31.257527,121.42851,,"[{""weekdays"": [1, 2, 3, 4, 5, 6, 7], ""start_time"": ""08:00"", ""end_time"": ""18:00""}]",[0],[0],{},1,190,这里不错,0.0,0,0
至臻网球(华池店单打场),https://static.poptennis.com.cn/court/1768728941013gl3HCxVWEY.webp,31,1,7,华池路58弄新体育广场网球场,31.257527,121.42851,,"[{""weekdays"": [1, 2, 3, 4, 5, 6, 7], ""start_time"": ""08:00"", ""end_time"": ""18:00""}]",[0],"[1, 0]",{},4,157,这里不错,0.0,0,0
上海市体育宫,https://static.poptennis.com.cn/court/1768728941013gl3HCxVWEY.webp,31,1,7,大渡河路1860号沪西体育宫内(近铜川路),31.252923,121.397382,,"[{""weekdays"": [1, 2, 3, 4, 5, 6, 7], ""start_time"": ""08:00"", ""end_time"": ""18:00""}]",[0],[0],{},4,144,这里不错,0.0,0,0
麦斯特网球中心(岚皋路店)·洛克公园(铜川路店),https://static.poptennis.com.cn/court/1768728941013gl3HCxVWEY.webp,31,1,7,铜川路185号(洛克体育公园园区内),31.253377,121.419785,,"[{""weekdays"": [1, 2, 3, 4, 5, 6, 7], ""start_time"": ""08:00"", ""end_time"": ""18:00""}]",[0],[0],{},3,133,这里不错,0.0,0,0
快网网球俱乐部(普陀美凯龙店),https://static.poptennis.com.cn/court/1768728941013gl3HCxVWEY.webp,31,1,7,真北路1108号红星美凯龙7楼,31.238682,121.385756,,"[{""weekdays"": [1, 2, 3, 4, 5, 6, 7], ""start_time"": ""08:00"", ""end_time"": ""18:00""}]",[0],[1],{},2,144,这里不错,0.0,0,0
丹巴路市民网球场,https://static.poptennis.com.cn/court/1768728941013gl3HCxVWEY.webp,31,1,7,丹巴路201号,31.22543,121.381501,,"[{""weekdays"": [1, 2, 3, 4, 5, 6, 7], ""start_time"": ""08:00"", ""end_time"": ""18:00""}]",[0],[0],{},1,182,这里不错,0.0,0,0
光圈网球·HALOTENNIS(长风大悦城店),https://static.poptennis.com.cn/court/1768728941013gl3HCxVWEY.webp,31,1,7,大渡河路196号7楼,31.222693,121.395275,,"[{""weekdays"": [1, 2, 3, 4, 5, 6, 7], ""start_time"": ""08:00"", ""end_time"": ""18:00""}]",[0],[0],{},1,159,这里不错,0.0,0,0
Our Tennis网球俱乐部(皓月球场),https://static.poptennis.com.cn/court/1768728941013gl3HCxVWEY.webp,31,1,7,光复西路2739号3A,31.221375,121.391823,,"[{""weekdays"": [1, 2, 3, 4, 5, 6, 7], ""start_time"": ""08:00"", ""end_time"": ""18:00""}]",[2],[0],{},2,131,这里不错,0.0,0,0
爱登堡知妤网球俱乐部,https://static.poptennis.com.cn/court/1768728941013gl3HCxVWEY.webp,31,1,12,恒西路139号爱登堡园区内东南侧,31.087156,121.51057,,"[{""weekdays"": [1, 2, 3, 4, 5, 6, 7], ""start_time"": ""08:00"", ""end_time"": ""18:00""}]",[0],[1],{},2,133,这里不错,0.0,0,0
暴风运动·网羽中心(浦江店),https://static.poptennis.com.cn/court/1768728941013gl3HCxVWEY.webp,31,1,12,三鲁公路3585号6号楼2楼,31.08414,121.518996,,"[{""weekdays"": [1, 2, 3, 4, 5, 6, 7], ""start_time"": ""08:00"", ""end_time"": ""18:00""}]",[0],[1],{},1,183,这里不错,0.0,0,0
暴风运动,https://static.poptennis.com.cn/court/1768728941013gl3HCxVWEY.webp,31,1,12,三鲁公路3585号7幢2层,31.08414,121.518996,,"[{""weekdays"": [1, 2, 3, 4, 5, 6, 7], ""start_time"": ""08:00"", ""end_time"": ""18:00""}]",[0],[1],{},10,171,这里不错,0.0,0,0
乐达体育中心,https://static.poptennis.com.cn/court/1768728941013gl3HCxVWEY.webp,31,1,12,浦江镇竹园路139号,31.069419,121.522383,,"[{""weekdays"": [1, 2, 3, 4, 5, 6, 7], ""start_time"": ""08:00"", ""end_time"": ""18:00""}]",[0],[1],{},2,123,这里不错,0.0,0,0
浦江镇市民健身中心,https://static.poptennis.com.cn/court/1768728941013gl3HCxVWEY.webp,31,1,12,江玮路269号,31.05875,121.532957,,"[{""weekdays"": [1, 2, 3, 4, 5, 6, 7], ""start_time"": ""08:00"", ""end_time"": ""18:00""}]",[0],[0],{},2,173,这里不错,0.0,0,0
点匠网球俱乐部(绿亮科创园店),https://static.poptennis.com.cn/court/1768728941013gl3HCxVWEY.webp,31,1,12,虹梅南路2588号绿亮科技园内,31.097011,121.434942,,"[{""weekdays"": [1, 2, 3, 4, 5, 6, 7], ""start_time"": ""08:00"", ""end_time"": ""18:00""}]",[0],[1],{},2,190,这里不错,0.0,0,0
绿亮科创园网球场,https://static.poptennis.com.cn/court/1768728941013gl3HCxVWEY.webp,31,1,12,虹梅南路2588号(绿亮科创园内),31.096772,121.434375,,"[{""weekdays"": [1, 2, 3, 4, 5, 6, 7], ""start_time"": ""08:00"", ""end_time"": ""18:00""}]",[0],[1],{},2,130,这里不错,0.0,0,0
GOAT巨星室内网球馆,https://static.poptennis.com.cn/court/1768728941013gl3HCxVWEY.webp,31,1,12,联曹路305号B3,31.097133,121.441775,,"[{""weekdays"": [1, 2, 3, 4, 5, 6, 7], ""start_time"": ""08:00"", ""end_time"": ""18:00""}]",[0],[1],{},2,158,这里不错,0.0,0,0
育帆网球馆,https://static.poptennis.com.cn/court/1768728941013gl3HCxVWEY.webp,31,1,12,双柏路879弄88号A栋,31.087898,121.441141,,"[{""weekdays"": [1, 2, 3, 4, 5, 6, 7], ""start_time"": ""08:00"", ""end_time"": ""18:00""}]",[0],[1],{},2,130,这里不错,0.0,0,0
上海奕晋网球俱乐部(景东路分部),https://static.poptennis.com.cn/court/1768728941013gl3HCxVWEY.webp,31,1,12,龙吴路4221号二号路与五号路叉口西,31.087103,121.456661,,"[{""weekdays"": [1, 2, 3, 4, 5, 6, 7], ""start_time"": ""08:00"", ""end_time"": ""18:00""}]",[0],[1],{},7,103,这里不错,0.0,0,0
明越网球俱乐部(元江球场),https://static.poptennis.com.cn/court/1768728941013gl3HCxVWEY.webp,31,1,12,吴泾镇元江路525号金领谷科技产业园7号,31.062619,121.449559,,"[{""weekdays"": [1, 2, 3, 4, 5, 6, 7], ""start_time"": ""08:00"", ""end_time"": ""18:00""}]",[2],[0],{},1,166,这里不错,0.0,0,0
泾彩菁英网球俱乐部,https://static.poptennis.com.cn/court/1768728941013gl3HCxVWEY.webp,31,1,12,曲吴路589号(上海梦谷南上海文化创意产业园),31.05358,121.453584,,"[{""weekdays"": [1, 2, 3, 4, 5, 6, 7], ""start_time"": ""08:00"", ""end_time"": ""18:00""}]",[0],[1],{},4,113,这里不错,0.0,0,0
光圈网球·HALOTENNIS(梅陇运康店),https://static.poptennis.com.cn/court/1768728941013gl3HCxVWEY.webp,31,1,12,梅龙镇伟业路855号,31.115764,121.400411,,"[{""weekdays"": [1, 2, 3, 4, 5, 6, 7], ""start_time"": ""08:00"", ""end_time"": ""18:00""}]",[2],[0],{},2,167,这里不错,0.0,0,0
上海智胜网球(春申路店),https://static.poptennis.com.cn/court/1768728941013gl3HCxVWEY.webp,31,1,12,春申路2328号张慕工业园区4号楼1层,31.123988,121.396871,,"[{""weekdays"": [1, 2, 3, 4, 5, 6, 7], ""start_time"": ""08:00"", ""end_time"": ""18:00""}]",[0],[1],{},1,118,这里不错,0.0,0,0
智胜网球俱乐部(春申路店),https://static.poptennis.com.cn/court/1768728941013gl3HCxVWEY.webp,31,1,12,春申路2328号张慕工业园区4号楼202,31.123988,121.396871,,"[{""weekdays"": [1, 2, 3, 4, 5, 6, 7], ""start_time"": ""08:00"", ""end_time"": ""18:00""}]",[0],[1],{},1,101,这里不错,0.0,0,0
上海智胜网球旗舰店,https://static.poptennis.com.cn/court/1768728941013gl3HCxVWEY.webp,31,1,12,春申路1899号,31.112276,121.422312,,"[{""weekdays"": [1, 2, 3, 4, 5, 6, 7], ""start_time"": ""08:00"", ""end_time"": ""18:00""}]",[0],[1],{},12,185,这里不错,0.0,0,0
泰尼士网球中心,https://static.poptennis.com.cn/court/1768728941013gl3HCxVWEY.webp,31,1,12,春申路2328号张慕工业园区进门右侧,31.123988,121.396871,,"[{""weekdays"": [1, 2, 3, 4, 5, 6, 7], ""start_time"": ""08:00"", ""end_time"": ""18:00""}]",[0],[1],{},8,161,这里不错,0.0,0,0
OKK网球俱乐部,https://static.poptennis.com.cn/court/1768728941013gl3HCxVWEY.webp,31,1,12,都庄路4300号,31.096476,121.410393,,"[{""weekdays"": [1, 2, 3, 4, 5, 6, 7], ""start_time"": ""08:00"", ""end_time"": ""18:00""}]",[0],[1],{},9,151,这里不错,0.0,0,0
疯狂网球俱乐部(闵行星河湾店),https://static.poptennis.com.cn/court/1768728941013gl3HCxVWEY.webp,31,1,12,梅州路56号,31.091637,121.404311,,"[{""weekdays"": [1, 2, 3, 4, 5, 6, 7], ""start_time"": ""08:00"", ""end_time"": ""18:00""}]",[0],[0],{},4,111,这里不错,0.0,0,0
麦斯特网球中心(星河湾店),https://static.poptennis.com.cn/court/1768728941013gl3HCxVWEY.webp,31,1,12,Realpark king sports体育公园南门旁,31.09134,121.40456,,"[{""weekdays"": [1, 2, 3, 4, 5, 6, 7], ""start_time"": ""08:00"", ""end_time"": ""18:00""}]",[0],[0],{},4,129,这里不错,0.0,0,0
工匠体育(莲花南路店),https://static.poptennis.com.cn/court/1768728941013gl3HCxVWEY.webp,31,1,12,莲花南路1688号,31.091869,121.416332,,"[{""weekdays"": [1, 2, 3, 4, 5, 6, 7], ""start_time"": ""08:00"", ""end_time"": ""18:00""}]",[0],[1],{},1,106,这里不错,0.0,0,0
瑞趣网球俱乐部(闵行星河湾店),https://static.poptennis.com.cn/court/1768728941013gl3HCxVWEY.webp,31,1,12,都会路3799号网球场,31.087915,121.4086,,"[{""weekdays"": [1, 2, 3, 4, 5, 6, 7], ""start_time"": ""08:00"", ""end_time"": ""18:00""}]",[0],[1],{},2,194,这里不错,0.0,0,0
点匠网球俱乐部(越也室内店),https://static.poptennis.com.cn/court/1768728941013gl3HCxVWEY.webp,31,1,12,虹梅南路2599号越也大厦208,31.094984,121.433905,,"[{""weekdays"": [1, 2, 3, 4, 5, 6, 7], ""start_time"": ""08:00"", ""end_time"": ""18:00""}]",[0],[1],{},2,128,这里不错,0.0,0,0
智胜网球俱乐部(金都路店),https://static.poptennis.com.cn/court/1768728941013gl3HCxVWEY.webp,31,1,12,金都路1199号越界1199上海智胜网球,31.090315,121.428568,,"[{""weekdays"": [1, 2, 3, 4, 5, 6, 7], ""start_time"": ""08:00"", ""end_time"": ""18:00""}]",[0],[1],{},5,189,这里不错,0.0,0,0
得客会体育中心,https://static.poptennis.com.cn/court/1768728941013gl3HCxVWEY.webp,31,1,12,颛兴东路1421弄15号,31.072118,121.413882,,"[{""weekdays"": [1, 2, 3, 4, 5, 6, 7], ""start_time"": ""08:00"", ""end_time"": ""18:00""}]",[0],[1],{},17,101,这里不错,0.0,0,0
憨牛网球俱乐部(闵行店),https://static.poptennis.com.cn/court/1768728941013gl3HCxVWEY.webp,31,1,12,向阳路1369号,31.066432,121.415518,,"[{""weekdays"": [1, 2, 3, 4, 5, 6, 7], ""start_time"": ""08:00"", ""end_time"": ""18:00""}]",[0],"[1, 0]",{},3,125,这里不错,0.0,0,0
Best U保利光合体育公园,https://static.poptennis.com.cn/court/1768728941013gl3HCxVWEY.webp,31,1,12,兰莲路168弄,31.064301,121.431032,,"[{""weekdays"": [1, 2, 3, 4, 5, 6, 7], ""start_time"": ""08:00"", ""end_time"": ""18:00""}]",[0],[0],{},1,184,这里不错,0.0,0,0
奕晋网球俱乐部,https://static.poptennis.com.cn/court/1768728941013gl3HCxVWEY.webp,31,1,12,放鹤路2169号,31.044522,121.427046,,"[{""weekdays"": [1, 2, 3, 4, 5, 6, 7], ""start_time"": ""08:00"", ""end_time"": ""18:00""}]",[1],[1],{},8,115,这里不错,0.0,0,0
明越网球俱乐部(永德路店),https://static.poptennis.com.cn/court/1768728941013gl3HCxVWEY.webp,31,1,12,莲花南路3999弄满天星生活广场7号楼,31.038801,121.445039,,"[{""weekdays"": [1, 2, 3, 4, 5, 6, 7], ""start_time"": ""08:00"", ""end_time"": ""18:00""}]",[0],[0],{},1,188,这里不错,0.0,0,0
PDT紫色动力国际网球俱乐部,https://static.poptennis.com.cn/court/1768728941013gl3HCxVWEY.webp,31,1,12,龙吴路5891号火星一号商业广场,31.03455,121.467773,,"[{""weekdays"": [1, 2, 3, 4, 5, 6, 7], ""start_time"": ""08:00"", ""end_time"": ""18:00""}]",[0],"[1, 0]",{},2,101,这里不错,0.0,0,0
至臻网球(莘庄店),https://static.poptennis.com.cn/court/1768728941013gl3HCxVWEY.webp,31,1,12,莘沥路580号丙至臻网球,31.106647,121.364015,,"[{""weekdays"": [1, 2, 3, 4, 5, 6, 7], ""start_time"": ""08:00"", ""end_time"": ""18:00""}]",[0],[1],{},4,137,这里不错,0.0,0,0
恒瑞网球俱乐部(莘庄龙之梦店),https://static.poptennis.com.cn/court/1768728941013gl3HCxVWEY.webp,31,1,12,沪闵路6088号凯德闵行商业中心F4,31.107788,121.378283,,"[{""weekdays"": [1, 2, 3, 4, 5, 6, 7], ""start_time"": ""08:00"", ""end_time"": ""18:00""}]",[0],[0],{},1,151,这里不错,0.0,0,0
瑞趣网球俱乐部(莘庄店),https://static.poptennis.com.cn/court/1768728941013gl3HCxVWEY.webp,31,1,12,都市路5001号仲盛世界商城五层5F24,31.107101,121.38707,,"[{""weekdays"": [1, 2, 3, 4, 5, 6, 7], ""start_time"": ""08:00"", ""end_time"": ""18:00""}]",[0],"[1, 0]",{},3,148,这里不错,0.0,0,0
迈乐网球俱乐部,https://static.poptennis.com.cn/court/1768728941013gl3HCxVWEY.webp,31,1,12,宝城路莘城公寓1号门,31.104844,121.393715,,"[{""weekdays"": [1, 2, 3, 4, 5, 6, 7], ""start_time"": ""08:00"", ""end_time"": ""18:00""}]",[0],[0],{},1,171,这里不错,0.0,0,0
阳光中心网球会馆,https://static.poptennis.com.cn/court/1768728941013gl3HCxVWEY.webp,31,1,12,新桥光华支路2891号,31.058402,121.342109,,"[{""weekdays"": [1, 2, 3, 4, 5, 6, 7], ""start_time"": ""08:00"", ""end_time"": ""18:00""}]",[0],[1],{},3,143,这里不错,0.0,0,0
酷享网球(莘松路店),https://static.poptennis.com.cn/court/1768728941013gl3HCxVWEY.webp,31,1,17,莘松路1288弄(浦菲优澜健身房门前),31.097375,121.347849,,"[{""weekdays"": [1, 2, 3, 4, 5, 6, 7], ""start_time"": ""08:00"", ""end_time"": ""18:00""}]",[0],[0],{},2,200,这里不错,0.0,0,0
道格馨庭网球俱乐部,https://static.poptennis.com.cn/court/1768728941013gl3HCxVWEY.webp,31,1,17,明中路1588弄849号,31.074845,121.325163,,"[{""weekdays"": [1, 2, 3, 4, 5, 6, 7], ""start_time"": ""08:00"", ""end_time"": ""18:00""}]",[0],[0],{},2,146,这里不错,0.0,0,0
道格达安网球俱乐部,https://static.poptennis.com.cn/court/1768728941013gl3HCxVWEY.webp,31,1,17,明中路1177弄圣芭芭花园网球场,31.076537,121.337345,,"[{""weekdays"": [1, 2, 3, 4, 5, 6, 7], ""start_time"": ""08:00"", ""end_time"": ""18:00""}]",[0],[0],{},1,139,这里不错,0.0,0,0
相见网球空调场(申徐二路店),https://static.poptennis.com.cn/court/1768728941013gl3HCxVWEY.webp,31,1,17,申徐二路8号(相见网球),31.064601,121.356117,,"[{""weekdays"": [1, 2, 3, 4, 5, 6, 7], ""start_time"": ""08:00"", ""end_time"": ""18:00""}]",[0],[1],{},2,178,这里不错,0.0,0,0
大桥网球,https://static.poptennis.com.cn/court/1768728941013gl3HCxVWEY.webp,31,1,15,塘桥街道南浦大桥下龙阳路5号-1,31.204651,121.508061,,"[{""weekdays"": [1, 2, 3, 4, 5, 6, 7], ""start_time"": ""08:00"", ""end_time"": ""18:00""}]",[0],[1],{},2,123,这里不错,0.0,0,0
星跃网球俱乐部,https://static.poptennis.com.cn/court/1768728941013gl3HCxVWEY.webp,31,1,15,浦明路1888号东江体育文化中心,31.206025,121.509327,,"[{""weekdays"": [1, 2, 3, 4, 5, 6, 7], ""start_time"": ""08:00"", ""end_time"": ""18:00""}]",[0],[0],{},6,179,这里不错,0.0,0,0
VEGA TENNIS,https://static.poptennis.com.cn/court/1768728941013gl3HCxVWEY.webp,31,1,15,民生路288号海事邻里中心三号楼3楼,31.229547,121.564242,,"[{""weekdays"": [1, 2, 3, 4, 5, 6, 7], ""start_time"": ""08:00"", ""end_time"": ""18:00""}]",[0],[1],{},2,113,这里不错,0.0,0,0
快网网球俱乐部(羽山乐坊店),https://static.poptennis.com.cn/court/1768728941013gl3HCxVWEY.webp,31,1,15,崮山路717号乐坊·羽山生活广场6F天台,31.239096,121.560672,,"[{""weekdays"": [1, 2, 3, 4, 5, 6, 7], ""start_time"": ""08:00"", ""end_time"": ""18:00""}]",[0],[0],{},1,135,这里不错,0.0,0,0
因乐驰网球俱乐部(陆家嘴店),https://static.poptennis.com.cn/court/1768728941013gl3HCxVWEY.webp,31,1,15,启新路1号对面(菊园学校对面内部停车),31.227796,121.512668,,"[{""weekdays"": [1, 2, 3, 4, 5, 6, 7], ""start_time"": ""08:00"", ""end_time"": ""18:00""}]",[0],[0],{},1,196,这里不错,0.0,0,0
007网球新大陆店,https://static.poptennis.com.cn/court/1768728941013gl3HCxVWEY.webp,31,1,15,新大陆广场南泉北路588号北楼5楼,31.229369,121.518765,,"[{""weekdays"": [1, 2, 3, 4, 5, 6, 7], ""start_time"": ""08:00"", ""end_time"": ""18:00""}]",[0],[0],{},1,174,这里不错,0.0,0,0
快网·世纪大道球场,https://static.poptennis.com.cn/court/1768728941013gl3HCxVWEY.webp,31,1,15,向城路29号世纪公馆,31.224584,121.528515,,"[{""weekdays"": [1, 2, 3, 4, 5, 6, 7], ""start_time"": ""08:00"", ""end_time"": ""18:00""}]",[0],[0],{},1,157,这里不错,0.0,0,0
光圈网球·HALOTENNIS(通茂大厦),https://static.poptennis.com.cn/court/1768728941013gl3HCxVWEY.webp,31,1,15,松林路357号通茂大厦五楼,31.226303,121.53558,,"[{""weekdays"": [1, 2, 3, 4, 5, 6, 7], ""start_time"": ""08:00"", ""end_time"": ""18:00""}]",[0],[0],{},1,140,这里不错,0.0,0,0
源深体育中心·浦东网球中心,https://static.poptennis.com.cn/court/1768728941013gl3HCxVWEY.webp,31,1,15,羽山路9号(近桃林路),31.231207,121.537062,,"[{""weekdays"": [1, 2, 3, 4, 5, 6, 7], ""start_time"": ""08:00"", ""end_time"": ""18:00""}]",[0],[1],{},16,162,这里不错,0.0,0,0
快网网球俱乐部(杨高中路店),https://static.poptennis.com.cn/court/1768728941013gl3HCxVWEY.webp,31,1,15,杨源路195号,31.225373,121.540156,,"[{""weekdays"": [1, 2, 3, 4, 5, 6, 7], ""start_time"": ""08:00"", ""end_time"": ""18:00""}]",[2],[1],{},2,169,这里不错,0.0,0,0
中邦风雅颂联洋花园网球场,https://static.poptennis.com.cn/court/1768728941013gl3HCxVWEY.webp,31,1,15,丁香路1089弄,31.22889,121.554584,,"[{""weekdays"": [1, 2, 3, 4, 5, 6, 7], ""start_time"": ""08:00"", ""end_time"": ""18:00""}]",[0],[0],{},1,194,这里不错,0.0,0,0
七乐网球(黄浦店),https://static.poptennis.com.cn/court/1768728941013gl3HCxVWEY.webp,31,1,1,半淞园路388号越界·世博园C2幢楼顶,31.201693,121.497431,,"[{""weekdays"": [1, 2, 3, 4, 5, 6, 7], ""start_time"": ""08:00"", ""end_time"": ""18:00""}]",[2],[0],{},2,129,这里不错,0.0,0,0
沪逸动网球俱乐部,https://static.poptennis.com.cn/court/1768728941013gl3HCxVWEY.webp,31,1,1,外马路1353号(世博黄浦体育园3楼),31.205116,121.501499,,"[{""weekdays"": [1, 2, 3, 4, 5, 6, 7], ""start_time"": ""08:00"", ""end_time"": ""18:00""}]",[0],[0],{},2,127,这里不错,0.0,0,0
世博黄浦体育园,https://static.poptennis.com.cn/court/1768728941013gl3HCxVWEY.webp,31,1,1,外马路1353号,31.205154,121.50161,,"[{""weekdays"": [1, 2, 3, 4, 5, 6, 7], ""start_time"": ""08:00"", ""end_time"": ""18:00""}]",[0],"[1, 0]",{},3,124,这里不错,0.0,0,0
北外滩社区市民健身中心,https://static.poptennis.com.cn/court/1768728941013gl3HCxVWEY.webp,31,1,9,通州路99号,31.255183,121.49872,,"[{""weekdays"": [1, 2, 3, 4, 5, 6, 7], ""start_time"": ""08:00"", ""end_time"": ""18:00""}]",[0],[1],{},3,107,这里不错,0.0,0,0
二元里体育文化中心,https://static.poptennis.com.cn/court/1768728941013gl3HCxVWEY.webp,31,1,13,宝安公路2400弄159号,31.349702,121.33409,,"[{""weekdays"": [1, 2, 3, 4, 5, 6, 7], ""start_time"": ""08:00"", ""end_time"": ""18:00""}]",[0],[0],{},3,148,这里不错,0.0,0,0
包桥社区公共运动场,https://static.poptennis.com.cn/court/1768728941013gl3HCxVWEY.webp,31,1,14,马陆镇宝安公路2888弄包桥小区内,31.336515,121.296854,,"[{""weekdays"": [1, 2, 3, 4, 5, 6, 7], ""start_time"": ""08:00"", ""end_time"": ""18:00""}]",[0],[0],{},1,195,这里不错,0.0,0,0
满贯体育·紫气东来体育公园,https://static.poptennis.com.cn/court/1768728941013gl3HCxVWEY.webp,31,1,14,紫气东来体育公园(天祝路与云谷路路口),31.086022,121.759529,,"[{""weekdays"": [1, 2, 3, 4, 5, 6, 7], ""start_time"": ""08:00"", ""end_time"": ""18:00""}]",[0],[0],{},4,119,这里不错,0.0,0,0
满贯体育·龙湖运动场(环城林带运动场),https://static.poptennis.com.cn/court/1768728941013gl3HCxVWEY.webp,31,1,14,龙湖郦城西区西南门东南160米...,31.325796,121.250524,,"[{""weekdays"": [1, 2, 3, 4, 5, 6, 7], ""start_time"": ""08:00"", ""end_time"": ""18:00""}]",[0],[0],{},1,148,这里不错,0.0,0,0
满贯体育·市民体育公园,https://static.poptennis.com.cn/court/1768728941013gl3HCxVWEY.webp,31,1,14,安亭镇安辰路,31.317973,121.245151,,"[{""weekdays"": [1, 2, 3, 4, 5, 6, 7], ""start_time"": ""08:00"", ""end_time"": ""18:00""}]",[0],[0],{},4,150,这里不错,0.0,0,0
蓝莲花网球俱乐部・嘉亭荟,https://static.poptennis.com.cn/court/1768728941013gl3HCxVWEY.webp,31,1,14,墨玉南路1055号嘉亭荟城市生活广场F4层,31.286675,121.162175,,"[{""weekdays"": [1, 2, 3, 4, 5, 6, 7], ""start_time"": ""08:00"", ""end_time"": ""18:00""}]",[0],[0],{},2,111,这里不错,0.0,0,0
Ace Park极网体育,https://static.poptennis.com.cn/court/1768728941013gl3HCxVWEY.webp,31,1,14,安亭镇博园路7575号会展中心南厅7号门,31.2785,121.168458,,"[{""weekdays"": [1, 2, 3, 4, 5, 6, 7], ""start_time"": ""08:00"", ""end_time"": ""18:00""}]",[0],[1],{},2,131,这里不错,0.0,0,0
蒋越网球俱乐部,https://static.poptennis.com.cn/court/1768728941013gl3HCxVWEY.webp,31,1,14,杭桂路1100号中波研发大楼院内,31.278224,121.209983,,"[{""weekdays"": [1, 2, 3, 4, 5, 6, 7], ""start_time"": ""08:00"", ""end_time"": ""18:00""}]",[0],[1],{},2,122,这里不错,0.0,0,0
光圈网球·HALOTENNIS (曹安国际室内馆),https://static.poptennis.com.cn/court/1768728941013gl3HCxVWEY.webp,31,1,14,曹安公路1899号曹安国际商城四楼,31.25361,121.360927,,"[{""weekdays"": [1, 2, 3, 4, 5, 6, 7], ""start_time"": ""08:00"", ""end_time"": ""18:00""}]",[0],"[1, 0]",{},5,131,这里不错,0.0,0,0
HGA网球俱乐部(曹丰店),https://static.poptennis.com.cn/court/1768728941013gl3HCxVWEY.webp,31,1,14,曹安公路1685号,31.252274,121.365768,,"[{""weekdays"": [1, 2, 3, 4, 5, 6, 7], ""start_time"": ""08:00"", ""end_time"": ""18:00""}]",[0],[0],{},2,143,这里不错,0.0,0,0
酷享网球(南华苑度假村店),https://static.poptennis.com.cn/court/1768728941013gl3HCxVWEY.webp,31,1,18,华新南华苑度假村华腾路969号,31.236219,121.222159,,"[{""weekdays"": [1, 2, 3, 4, 5, 6, 7], ""start_time"": ""08:00"", ""end_time"": ""18:00""}]",[0],[0],{},2,187,这里不错,0.0,0,0
派网球(Tennis),https://static.poptennis.com.cn/court/1768728941013gl3HCxVWEY.webp,31,1,18,华新镇民兴大道77号派网球,31.21166,121.250381,,"[{""weekdays"": [1, 2, 3, 4, 5, 6, 7], ""start_time"": ""08:00"", ""end_time"": ""18:00""}]",[0],[1],{},3,187,这里不错,0.0,0,0
明熙网球学院大虹桥基地,https://static.poptennis.com.cn/court/1768728941013gl3HCxVWEY.webp,31,1,18,徐泾镇徐祥路368号,31.19512,121.26299,,"[{""weekdays"": [1, 2, 3, 4, 5, 6, 7], ""start_time"": ""08:00"", ""end_time"": ""18:00""}]",[0],[1],{},8,126,这里不错,0.0,0,0
易网球(蟠龙天地店)·德必易园洛克公园,https://static.poptennis.com.cn/court/1768728941013gl3HCxVWEY.webp,31,1,18,华徐公路605号(西虹桥德必易园),31.195186,121.266034,,"[{""weekdays"": [1, 2, 3, 4, 5, 6, 7], ""start_time"": ""08:00"", ""end_time"": ""18:00""}]",[0],"[1, 0]",{},4,160,这里不错,0.0,0,0
添蓝添达网球场,https://static.poptennis.com.cn/court/1768728941013gl3HCxVWEY.webp,31,1,18,崧复路1877号,31.180845,121.165384,,"[{""weekdays"": [1, 2, 3, 4, 5, 6, 7], ""start_time"": ""08:00"", ""end_time"": ""18:00""}]",[0],[1],{},2,164,这里不错,0.0,0,0
酷享网球(徐泾北城都市运动中心店),https://static.poptennis.com.cn/court/1768728941013gl3HCxVWEY.webp,31,1,18,徐泾镇乐强路300号三楼,31.177769,121.237698,,"[{""weekdays"": [1, 2, 3, 4, 5, 6, 7], ""start_time"": ""08:00"", ""end_time"": ""18:00""}]",[0],[1],{},1,179,这里不错,0.0,0,0
崧泽网球场(松润泽),https://static.poptennis.com.cn/court/1768728941013gl3HCxVWEY.webp,31,1,18,秀淳路与崧润路交叉口东北40米,31.166193,121.158565,,"[{""weekdays"": [1, 2, 3, 4, 5, 6, 7], ""start_time"": ""08:00"", ""end_time"": ""18:00""}]",[0],[0],{},2,168,这里不错,0.0,0,0
Relax芮雷克斯室内网球馆,https://static.poptennis.com.cn/court/1768728941013gl3HCxVWEY.webp,31,1,18,盈港东路6655号2幢202,31.160532,121.175538,,"[{""weekdays"": [1, 2, 3, 4, 5, 6, 7], ""start_time"": ""08:00"", ""end_time"": ""18:00""}]",[0],[1],{},2,166,这里不错,0.0,0,0
诸星耀网球俱乐部,https://static.poptennis.com.cn/court/1768728941013gl3HCxVWEY.webp,31,1,18,崧秀陆288号上海崧亮科技有限公司园...,0.0,0.0,,"[{""weekdays"": [1, 2, 3, 4, 5, 6, 7], ""start_time"": ""08:00"", ""end_time"": ""18:00""}]",[0],[1],{},2,120,这里不错,0.0,0,0
酷享网球(熊猫广场店),https://static.poptennis.com.cn/court/1768728941013gl3HCxVWEY.webp,31,1,18,沪青平公路2899号熊猫广场2楼E205号...,31.144107,121.095476,,"[{""weekdays"": [1, 2, 3, 4, 5, 6, 7], ""start_time"": ""08:00"", ""end_time"": ""18:00""}]",[0],[0],{},2,187,这里不错,0.0,0,0
HGA网球俱乐部(元祖梦世界店),https://static.poptennis.com.cn/court/1768728941013gl3HCxVWEY.webp,31,1,18,嘉松中路6200号元祖梦世界5楼,31.148134,121.225891,,"[{""weekdays"": [1, 2, 3, 4, 5, 6, 7], ""start_time"": ""08:00"", ""end_time"": ""18:00""}]",[2],[0],{},3,152,这里不错,0.0,0,0
七乐网球(黄浦店),https://static.poptennis.com.cn/court/1768728941013gl3HCxVWEY.webp,31,1,1,半淞园路388号越界·世博园C2幢楼顶,31.201693,121.497431,,"[{""weekdays"": [1, 2, 3, 4, 5, 6, 7], ""start_time"": ""08:00"", ""end_time"": ""18:00""}]",[2],[0],{},2,100,这里不错,0.0,0,0
沪逸动网球俱乐部,https://static.poptennis.com.cn/court/1768728941013gl3HCxVWEY.webp,31,1,1,外马路1353号(世博黄浦体育园3楼楼...,31.205116,121.501499,,"[{""weekdays"": [1, 2, 3, 4, 5, 6, 7], ""start_time"": ""08:00"", ""end_time"": ""18:00""}]",[0],[0],{},2,174,这里不错,0.0,0,0
快网网球俱乐部(绿地缤纷城店),https://static.poptennis.com.cn/court/1768728941013gl3HCxVWEY.webp,31,1,1,龙华东路810号,31.193014,121.473475,,"[{""weekdays"": [1, 2, 3, 4, 5, 6, 7], ""start_time"": ""08:00"", ""end_time"": ""18:00""}]",[2],[0],{},1,100,这里不错,0.0,0,0
ThirtyAll Tennis Club (鲁班路店),https://static.poptennis.com.cn/court/1768728941013gl3HCxVWEY.webp,31,1,1,鲁班路909号,31.192688,121.47927,,"[{""weekdays"": [1, 2, 3, 4, 5, 6, 7], ""start_time"": ""08:00"", ""end_time"": ""18:00""}]",[0],[0],{},1,142,这里不错,0.0,0,0
大桥网球,https://static.poptennis.com.cn/court/1768728941013gl3HCxVWEY.webp,31,1,15,塘桥街道南浦大桥下龙阳路5号-1,31.204651,121.508061,,"[{""weekdays"": [1, 2, 3, 4, 5, 6, 7], ""start_time"": ""08:00"", ""end_time"": ""18:00""}]",[0],[1],{},2,152,这里不错,0.0,0,0
星跃网球俱乐部(东江体育文化中心),https://static.poptennis.com.cn/court/1768728941013gl3HCxVWEY.webp,31,1,15,浦明路1888号东江体育文化中心,31.206025,121.509327,,"[{""weekdays"": [1, 2, 3, 4, 5, 6, 7], ""start_time"": ""08:00"", ""end_time"": ""18:00""}]",[0],[0],{},6,170,这里不错,0.0,0,0
Our Tennis网球俱乐部(Dome世博球场),https://static.poptennis.com.cn/court/1768728941013gl3HCxVWEY.webp,31,1,15,世博大道1368号1区L2层,31.186947,121.491832,,"[{""weekdays"": [1, 2, 3, 4, 5, 6, 7], ""start_time"": ""08:00"", ""end_time"": ""18:00""}]",[0],[1],{},1,145,这里不错,0.0,0,0
世博源室内网球场·GamelsOn竞昂体育,https://static.poptennis.com.cn/court/1768728941013gl3HCxVWEY.webp,31,1,15,世博源2区L2层(新白鹿餐厅旁),31.185685,121.492147,,"[{""weekdays"": [1, 2, 3, 4, 5, 6, 7], ""start_time"": ""08:00"", ""end_time"": ""18:00""}]",[0],[1],{},1,152,这里不错,0.0,0,0
憨牛网球俱乐部(浦东店),https://static.poptennis.com.cn/court/1768728941013gl3HCxVWEY.webp,31,1,15,国展路812号园区内,31.181296,121.485951,,"[{""weekdays"": [1, 2, 3, 4, 5, 6, 7], ""start_time"": ""08:00"", ""end_time"": ""18:00""}]",[0],[1],{},2,143,这里不错,0.0,0,0
ThirtyAll关键分网球世博源店,https://static.poptennis.com.cn/court/1768728941013gl3HCxVWEY.webp,31,1,15,世博大道1368号世博源五区南广场,31.179691,121.493395,,"[{""weekdays"": [1, 2, 3, 4, 5, 6, 7], ""start_time"": ""08:00"", ""end_time"": ""18:00""}]",[0],[0],{},3,140,这里不错,0.0,0,0
拍晟网球(浦东游泳馆店),https://static.poptennis.com.cn/court/1768728941013gl3HCxVWEY.webp,31,1,15,浦东南路3669弄浦东游泳馆旁,31.188325,121.505535,,"[{""weekdays"": [1, 2, 3, 4, 5, 6, 7], ""start_time"": ""08:00"", ""end_time"": ""18:00""}]",[0],[0],{},2,169,这里不错,0.0,0,0
三林体育中心,https://static.poptennis.com.cn/court/1768728941013gl3HCxVWEY.webp,31,1,15,云莲路201号,31.181414,121.505765,,"[{""weekdays"": [1, 2, 3, 4, 5, 6, 7], ""start_time"": ""08:00"", ""end_time"": ""18:00""}]",[0],[0],{},2,115,这里不错,0.0,0,0
极拍运动(三林体育中心店),https://static.poptennis.com.cn/court/1768728941013gl3HCxVWEY.webp,31,1,15,云莲路201号三林体育中心2号门一楼商...,31.181763,121.505388,,"[{""weekdays"": [1, 2, 3, 4, 5, 6, 7], ""start_time"": ""08:00"", ""end_time"": ""18:00""}]",[0],[1],{},3,196,这里不错,0.0,0,0
快网网球俱乐部(浦东大华店),https://static.poptennis.com.cn/court/1768728941013gl3HCxVWEY.webp,31,1,15,成山路1139号锦绣中心5楼,31.175123,121.520606,,"[{""weekdays"": [1, 2, 3, 4, 5, 6, 7], ""start_time"": ""08:00"", ""end_time"": ""18:00""}]",[0],[0],{},2,130,这里不错,0.0,0,0
Bon Bon Tennis,https://static.poptennis.com.cn/court/1768728941013gl3HCxVWEY.webp,31,1,15,特来电充电站(上海交运上南路3459号充...,31.179268,121.786057,,"[{""weekdays"": [1, 2, 3, 4, 5, 6, 7], ""start_time"": ""08:00"", ""end_time"": ""18:00""}]",[0],[1],{},2,130,这里不错,0.0,0,0
至臻网球(前滩店),https://static.poptennis.com.cn/court/1768728941013gl3HCxVWEY.webp,31,1,15,西营南路555号新东里运动中心三楼,31.151976,121.489022,,"[{""weekdays"": [1, 2, 3, 4, 5, 6, 7], ""start_time"": ""08:00"", ""end_time"": ""18:00""}]",[0],[1],{},2,101,这里不错,0.0,0,0
快网网球俱乐部(杨思晟初体育中心店),https://static.poptennis.com.cn/court/1768728941013gl3HCxVWEY.webp,31,1,15,长清路1200弄森宏购物广场,31.149981,121.490166,,"[{""weekdays"": [1, 2, 3, 4, 5, 6, 7], ""start_time"": ""08:00"", ""end_time"": ""18:00""}]",[0],[0],{},2,100,这里不错,0.0,0,0
奈杰尔网球俱乐部(济阳路店),https://static.poptennis.com.cn/court/1768728941013gl3HCxVWEY.webp,31,1,15,济阳路1875号,31.138825,121.491522,,"[{""weekdays"": [1, 2, 3, 4, 5, 6, 7], ""start_time"": ""08:00"", ""end_time"": ""18:00""}]",[0],[1],{},3,185,这里不错,0.0,0,0
HGA网球俱乐部(三林前滩店·济阳路旗舰店),https://static.poptennis.com.cn/court/1768728941013gl3HCxVWEY.webp,31,1,15,济阳路1973号,31.136901,121.492073,,"[{""weekdays"": [1, 2, 3, 4, 5, 6, 7], ""start_time"": ""08:00"", ""end_time"": ""18:00""}]",[0],[0],{},6,136,这里不错,0.0,0,0
东诚网球俱乐部,https://static.poptennis.com.cn/court/1768728941013gl3HCxVWEY.webp,31,1,15,三林镇三林地铁站三号口后面,31.143224,121.511796,,"[{""weekdays"": [1, 2, 3, 4, 5, 6, 7], ""start_time"": ""08:00"", ""end_time"": ""18:00""}]",[0],[0],{},1,171,这里不错,0.0,0,0
至臻网球(金谊店),https://static.poptennis.com.cn/court/1768728941013gl3HCxVWEY.webp,31,1,15,上南路4467号至臻网球金谊店(金谊天...,31.152413,121.487951,,"[{""weekdays"": [1, 2, 3, 4, 5, 6, 7], ""start_time"": ""08:00"", ""end_time"": ""18:00""}]",[0],[0],{},4,180,这里不错,0.0,0,0
振狮七乐,https://static.poptennis.com.cn/court/1768728941013gl3HCxVWEY.webp,31,1,15,前滩体育公园西门西南240米上海民航...,31.147459,121.463181,,"[{""weekdays"": [1, 2, 3, 4, 5, 6, 7], ""start_time"": ""08:00"", ""end_time"": ""18:00""}]",[0],[1],{},2,150,这里不错,0.0,0,0
快网网球俱乐部(前滩体育公园店),https://static.poptennis.com.cn/court/1768728941013gl3HCxVWEY.webp,31,1,15,前滩大道735号前滩休闲公园,31.150864,121.466195,,"[{""weekdays"": [1, 2, 3, 4, 5, 6, 7], ""start_time"": ""08:00"", ""end_time"": ""18:00""}]",[0],[0],{},2,199,这里不错,0.0,0,0
麦趣网球俱乐部(徐汇滨江店),https://static.poptennis.com.cn/court/1768728941013gl3HCxVWEY.webp,31,1,4,东安路562号绿地缤纷城6楼空中花园,31.184548,121.457706,,"[{""weekdays"": [1, 2, 3, 4, 5, 6, 7], ""start_time"": ""08:00"", ""end_time"": ""18:00""}]",[0],[1],{},1,131,这里不错,0.0,0,0
麦趣网球俱乐部(徐汇尚湾里店),https://static.poptennis.com.cn/court/1768728941013gl3HCxVWEY.webp,31,1,4,宛南实验幼儿园(瑞宁路816号)马路对面楼...,31.181853,121.458813,,"[{""weekdays"": [1, 2, 3, 4, 5, 6, 7], ""start_time"": ""08:00"", ""end_time"": ""18:00""}]",[0],[0],{},1,191,这里不错,0.0,0,0
DUECE TENNIS寻网网球·徐滨店,https://static.poptennis.com.cn/court/1768728941013gl3HCxVWEY.webp,31,1,4,瑞平路320号保利时光里B1-3132,31.181791,121.455678,,"[{""weekdays"": [1, 2, 3, 4, 5, 6, 7], ""start_time"": ""08:00"", ""end_time"": ""18:00""}]",[0],[1],{},3,186,这里不错,0.0,0,0
RING TENNIS 光环网球(徐汇店),https://static.poptennis.com.cn/court/1768728941013gl3HCxVWEY.webp,31,1,4,瑞平路230号保利时光里3楼天台,31.181571,121.455471,,"[{""weekdays"": [1, 2, 3, 4, 5, 6, 7], ""start_time"": ""08:00"", ""end_time"": ""18:00""}]",[0],[0],{},1,148,这里不错,0.0,0,0
瑞趣网球俱乐部(南站店),https://static.poptennis.com.cn/court/1768728941013gl3HCxVWEY.webp,31,1,4,石龙路730号(近上海长途客运南站2号门,31.152591,121.433298,,"[{""weekdays"": [1, 2, 3, 4, 5, 6, 7], ""start_time"": ""08:00"", ""end_time"": ""18:00""}]",[0],[1],{},1,168,这里不错,0.0,0,0
光圈网球×元気UP Tennis,https://static.poptennis.com.cn/court/1768728941013gl3HCxVWEY.webp,31,1,4,罗秀路1135号,31.12911,121.425903,,"[{""weekdays"": [1, 2, 3, 4, 5, 6, 7], ""start_time"": ""08:00"", ""end_time"": ""18:00""}]",[0],[0],{},4,129,这里不错,0.0,0,0
至臻网球(徐汇旗舰店),https://static.poptennis.com.cn/court/1768728941013gl3HCxVWEY.webp,31,1,4,平福路299-1号,31.136318,121.447693,,"[{""weekdays"": [1, 2, 3, 4, 5, 6, 7], ""start_time"": ""08:00"", ""end_time"": ""18:00""}]",[0],[1],{},6,103,这里不错,0.0,0,0
乐动力·西岸风之谷体育公园,https://static.poptennis.com.cn/court/1768728941013gl3HCxVWEY.webp,31,1,4,龙吴路1800号,31.132121,121.45575,,"[{""weekdays"": [1, 2, 3, 4, 5, 6, 7], ""start_time"": ""08:00"", ""end_time"": ""18:00""}]",[0],[1],{},6,129,这里不错,0.0,0,0
沪动网球馆(真南路店),https://static.poptennis.com.cn/court/1768728941013gl3HCxVWEY.webp,31,1,7,真南路822弄455支弄,31.278619,121.38268,,"[{""weekdays"": [1, 2, 3, 4, 5, 6, 7], ""start_time"": ""08:00"", ""end_time"": ""18:00""}]",[0],[1],{},4,119,这里不错,0.0,0,0
决胜点网球(未来岛店),https://static.poptennis.com.cn/court/1768728941013gl3HCxVWEY.webp,31,1,7,绥德路613弄1号楼旁,31.264368,121.369776,,"[{""weekdays"": [1, 2, 3, 4, 5, 6, 7], ""start_time"": ""08:00"", ""end_time"": ""18:00""}]",[0],[0],{},2,120,这里不错,0.0,0,0
金鼎网球场,https://static.poptennis.com.cn/court/1768728941013gl3HCxVWEY.webp,31,1,7,金鼎路1500号,31.258761,121.372486,,"[{""weekdays"": [1, 2, 3, 4, 5, 6, 7], ""start_time"": ""08:00"", ""end_time"": ""18:00""}]",[0],[0],{},4,111,这里不错,0.0,0,0
十五分网球俱乐部,https://static.poptennis.com.cn/court/1768728941013gl3HCxVWEY.webp,31,1,7,普陀区铜川路1688号,31.252543,121.389051,,"[{""weekdays"": [1, 2, 3, 4, 5, 6, 7], ""start_time"": ""08:00"", ""end_time"": ""18:00""}]",[0],[0],{},1,173,这里不错,0.0,0,0
穿越致胜网球俱乐部(中环百联店),https://static.poptennis.com.cn/court/1768728941013gl3HCxVWEY.webp,31,1,7,真光路1288号中环百联5楼平台,31.245405,121.383714,,"[{""weekdays"": [1, 2, 3, 4, 5, 6, 7], ""start_time"": ""08:00"", ""end_time"": ""18:00""}]",[2],[0],{},3,132,这里不错,0.0,0,0
至臻网球(梅川店),https://static.poptennis.com.cn/court/1768728941013gl3HCxVWEY.webp,31,1,7,梅川路1318号至臻网球场(迪卡侬背面),31.243193,121.383696,,"[{""weekdays"": [1, 2, 3, 4, 5, 6, 7], ""start_time"": ""08:00"", ""end_time"": ""18:00""}]",[0],[1],{},4,163,这里不错,0.0,0,0
6号网球中心,https://static.poptennis.com.cn/court/1768728941013gl3HCxVWEY.webp,31,1,13,逸仙路1328号新业坊·源创园区内,31.318855,121.484598,,"[{""weekdays"": [1, 2, 3, 4, 5, 6, 7], ""start_time"": ""08:00"", ""end_time"": ""18:00""}]",[0],"[1, 0]",{},6,120,这里不错,0.0,0,0
One More Club OMC网球场,https://static.poptennis.com.cn/court/1768728941013gl3HCxVWEY.webp,31,1,13,淞南镇军工路5169号宝车荟复地网球场,31.350565,121.499971,,"[{""weekdays"": [1, 2, 3, 4, 5, 6, 7], ""start_time"": ""08:00"", ""end_time"": ""18:00""}]",[0],[1],{},6,142,这里不错,0.0,0,0
海鸥网球俱乐部,https://static.poptennis.com.cn/court/1768728941013gl3HCxVWEY.webp,31,1,13,中成智谷B0栋五楼网球场,31.349436,121.496838,,"[{""weekdays"": [1, 2, 3, 4, 5, 6, 7], ""start_time"": ""08:00"", ""end_time"": ""18:00""}]",[0],[0],{},1,104,这里不错,0.0,0,0
合一网球俱乐部(芳草寓店),https://static.poptennis.com.cn/court/1768728941013gl3HCxVWEY.webp,31,1,13,淞南镇松行路323号芳草寓小区内网球场,31.346891,121.504104,,"[{""weekdays"": [1, 2, 3, 4, 5, 6, 7], ""start_time"": ""08:00"", ""end_time"": ""18:00""}]",[0],[1],{},2,198,这里不错,0.0,0,0
跃网·RISING(淞南网球中心),https://static.poptennis.com.cn/court/1768728941013gl3HCxVWEY.webp,31,1,13,淞发路(和欣假日商业广场南方向100...,31.343428,121.496233,,"[{""weekdays"": [1, 2, 3, 4, 5, 6, 7], ""start_time"": ""08:00"", ""end_time"": ""18:00""}]",[0],"[1, 0]",{},7,133,这里不错,0.0,0,0
CPK TENNIS,https://static.poptennis.com.cn/court/1768728941013gl3HCxVWEY.webp,31,1,13,长逸路15号建配龙C馆5楼(盒马旁电梯...,31.339694,121.493778,,"[{""weekdays"": [1, 2, 3, 4, 5, 6, 7], ""start_time"": ""08:00"", ""end_time"": ""18:00""}]",[0],[1],{},2,129,这里不错,0.0,0,0
极星网球俱乐部,https://static.poptennis.com.cn/court/1768728941013gl3HCxVWEY.webp,31,1,13,何家湾路2号内,31.32998,121.493556,,"[{""weekdays"": [1, 2, 3, 4, 5, 6, 7], ""start_time"": ""08:00"", ""end_time"": ""18:00""}]",[0],[1],{},8,118,这里不错,0.0,0,0
沪动吧网球俱乐部(彩虹湾店),https://static.poptennis.com.cn/court/1768728941013gl3HCxVWEY.webp,31,1,9,凉城路2158号(江湾派出所洛克公园7...,31.30802,121.472373,,"[{""weekdays"": [1, 2, 3, 4, 5, 6, 7], ""start_time"": ""08:00"", ""end_time"": ""18:00""}]",[0],[0],{},2,181,这里不错,0.0,0,0
七乐网球(黄浦店),https://static.poptennis.com.cn/court/1768728941013gl3HCxVWEY.webp,31,1,1,半淞园路388号越界·世博园C2幢楼顶,31.201693,121.497431,,"[{""weekdays"": [1, 2, 3, 4, 5, 6, 7], ""start_time"": ""08:00"", ""end_time"": ""18:00""}]",[2],[0],{},2,109,这里不错,0.0,0,0
沪逸动网球俱乐部,https://static.poptennis.com.cn/court/1768728941013gl3HCxVWEY.webp,31,1,1,外马路1353号(世博黄浦体育园3楼楼...,31.205116,121.501499,,"[{""weekdays"": [1, 2, 3, 4, 5, 6, 7], ""start_time"": ""08:00"", ""end_time"": ""18:00""}]",[0],[0],{},2,143,这里不错,0.0,0,0
快网网球俱乐部(绿地缤纷城店),https://static.poptennis.com.cn/court/1768728941013gl3HCxVWEY.webp,31,1,1,龙华东路810号,31.193014,121.473475,,"[{""weekdays"": [1, 2, 3, 4, 5, 6, 7], ""start_time"": ""08:00"", ""end_time"": ""18:00""}]",[2],[0],{},1,113,这里不错,0.0,0,0
ThirtyAll Tennis Club (鲁班路店),https://static.poptennis.com.cn/court/1768728941013gl3HCxVWEY.webp,31,1,1,鲁班路909号,31.192688,121.47927,,"[{""weekdays"": [1, 2, 3, 4, 5, 6, 7], ""start_time"": ""08:00"", ""end_time"": ""18:00""}]",[0],[0],{},1,106,这里不错,0.0,0,0
光圈网球·HALOTENNIS (曹安国际室内馆),https://static.poptennis.com.cn/court/1768728941013gl3HCxVWEY.webp,31,1,14,曹安公路1899号曹安国际商城四楼,31.25361,121.360927,,"[{""weekdays"": [1, 2, 3, 4, 5, 6, 7], ""start_time"": ""08:00"", ""end_time"": ""18:00""}]",[0],"[1, 0]",{},5,175,这里不错,0.0,0,0
HGA网球俱乐部(曹丰店),https://static.poptennis.com.cn/court/1768728941013gl3HCxVWEY.webp,31,1,14,曹安公路1685号,31.252274,121.365768,,"[{""weekdays"": [1, 2, 3, 4, 5, 6, 7], ""start_time"": ""08:00"", ""end_time"": ""18:00""}]",[0],[0],{},2,185,这里不错,0.0,0,0
达高运动馆·勋燃体育,https://static.poptennis.com.cn/court/1768728941013gl3HCxVWEY.webp,31,1,15,莱阳路2927弄49号,31.321676,121.581651,,"[{""weekdays"": [1, 2, 3, 4, 5, 6, 7], ""start_time"": ""08:00"", ""end_time"": ""18:00""}]",[0],[1],{},1,125,这里不错,0.0,0,0
大桥网球,https://static.poptennis.com.cn/court/1768728941013gl3HCxVWEY.webp,31,1,15,塘桥街道南浦大桥下龙阳路5号-1,31.204651,121.508061,,"[{""weekdays"": [1, 2, 3, 4, 5, 6, 7], ""start_time"": ""08:00"", ""end_time"": ""18:00""}]",[0],[1],{},2,100,这里不错,0.0,0,0
星跃网球俱乐部(东江体育文化中心),https://static.poptennis.com.cn/court/1768728941013gl3HCxVWEY.webp,31,1,15,浦明路1888号东江体育文化中心,31.206025,121.509327,,"[{""weekdays"": [1, 2, 3, 4, 5, 6, 7], ""start_time"": ""08:00"", ""end_time"": ""18:00""}]",[0],[0],{},6,100,这里不错,0.0,0,0
Our Tennis网球俱乐部(Dome世博球场),https://static.poptennis.com.cn/court/1768728941013gl3HCxVWEY.webp,31,1,15,世博大道1368号1区L2层,31.186947,121.491832,,"[{""weekdays"": [1, 2, 3, 4, 5, 6, 7], ""start_time"": ""08:00"", ""end_time"": ""18:00""}]",[0],[1],{},1,170,这里不错,0.0,0,0
世博源室内网球场·GamelsOn竞昂体育,https://static.poptennis.com.cn/court/1768728941013gl3HCxVWEY.webp,31,1,15,世博源2区L2层(新白鹿餐厅旁),31.185685,121.492147,,"[{""weekdays"": [1, 2, 3, 4, 5, 6, 7], ""start_time"": ""08:00"", ""end_time"": ""18:00""}]",[0],[1],{},1,177,这里不错,0.0,0,0
憨牛网球俱乐部(浦东店),https://static.poptennis.com.cn/court/1768728941013gl3HCxVWEY.webp,31,1,15,国展路812号园区内,31.181296,121.485951,,"[{""weekdays"": [1, 2, 3, 4, 5, 6, 7], ""start_time"": ""08:00"", ""end_time"": ""18:00""}]",[0],[1],{},2,189,这里不错,0.0,0,0
ThirtyAll关键分网球世博源店,https://static.poptennis.com.cn/court/1768728941013gl3HCxVWEY.webp,31,1,15,世博大道1368号世博源五区南广场,31.179691,121.493395,,"[{""weekdays"": [1, 2, 3, 4, 5, 6, 7], ""start_time"": ""08:00"", ""end_time"": ""18:00""}]",[0],[0],{},3,177,这里不错,0.0,0,0
拍晟网球(浦东游泳馆店),https://static.poptennis.com.cn/court/1768728941013gl3HCxVWEY.webp,31,1,15,浦东南路3669弄浦东游泳馆旁,31.188325,121.505535,,"[{""weekdays"": [1, 2, 3, 4, 5, 6, 7], ""start_time"": ""08:00"", ""end_time"": ""18:00""}]",[0],[0],{},2,101,这里不错,0.0,0,0
三林体育中心,https://static.poptennis.com.cn/court/1768728941013gl3HCxVWEY.webp,31,1,15,云莲路201号,31.181414,121.505765,,"[{""weekdays"": [1, 2, 3, 4, 5, 6, 7], ""start_time"": ""08:00"", ""end_time"": ""18:00""}]",[0],[0],{},2,131,这里不错,0.0,0,0
极拍运动(三林体育中心店),https://static.poptennis.com.cn/court/1768728941013gl3HCxVWEY.webp,31,1,15,云莲路201号三林体育中心2号门一楼商...,31.181763,121.505388,,"[{""weekdays"": [1, 2, 3, 4, 5, 6, 7], ""start_time"": ""08:00"", ""end_time"": ""18:00""}]",[0],[1],{},3,126,这里不错,0.0,0,0
快网网球俱乐部(浦东大华店),https://static.poptennis.com.cn/court/1768728941013gl3HCxVWEY.webp,31,1,15,成山路1139号锦绣中心5楼,31.175123,121.520606,,"[{""weekdays"": [1, 2, 3, 4, 5, 6, 7], ""start_time"": ""08:00"", ""end_time"": ""18:00""}]",[0],[0],{},2,115,这里不错,0.0,0,0
Bon Bon Tennis,https://static.poptennis.com.cn/court/1768728941013gl3HCxVWEY.webp,31,1,15,特来电充电站(上海交运上南路3459号充...,31.179268,121.786057,,"[{""weekdays"": [1, 2, 3, 4, 5, 6, 7], ""start_time"": ""08:00"", ""end_time"": ""18:00""}]",[0],[1],{},2,187,这里不错,0.0,0,0
至臻网球(前滩店),https://static.poptennis.com.cn/court/1768728941013gl3HCxVWEY.webp,31,1,15,西营南路555号新东里运动中心三楼,31.151976,121.489022,,"[{""weekdays"": [1, 2, 3, 4, 5, 6, 7], ""start_time"": ""08:00"", ""end_time"": ""18:00""}]",[0],[1],{},2,167,这里不错,0.0,0,0
快网网球俱乐部(杨思晟初体育中心店),https://static.poptennis.com.cn/court/1768728941013gl3HCxVWEY.webp,31,1,15,长清路1200弄森宏购物广场,31.149981,121.490166,,"[{""weekdays"": [1, 2, 3, 4, 5, 6, 7], ""start_time"": ""08:00"", ""end_time"": ""18:00""}]",[0],[0],{},2,166,这里不错,0.0,0,0
奈杰尔网球俱乐部(济阳路店),https://static.poptennis.com.cn/court/1768728941013gl3HCxVWEY.webp,31,1,15,济阳路1875号,31.138825,121.491522,,"[{""weekdays"": [1, 2, 3, 4, 5, 6, 7], ""start_time"": ""08:00"", ""end_time"": ""18:00""}]",[0],[1],{},3,105,这里不错,0.0,0,0
HGA网球俱乐部(三林前滩店·济阳路旗舰店),https://static.poptennis.com.cn/court/1768728941013gl3HCxVWEY.webp,31,1,15,济阳路1973号,31.136901,121.492073,,"[{""weekdays"": [1, 2, 3, 4, 5, 6, 7], ""start_time"": ""08:00"", ""end_time"": ""18:00""}]",[0],[0],{},6,108,这里不错,0.0,0,0
东诚网球俱乐部,https://static.poptennis.com.cn/court/1768728941013gl3HCxVWEY.webp,31,1,15,三林镇三林地铁站三号口后面,31.143224,121.511796,,"[{""weekdays"": [1, 2, 3, 4, 5, 6, 7], ""start_time"": ""08:00"", ""end_time"": ""18:00""}]",[0],[0],{},1,134,这里不错,0.0,0,0
至臻网球(金谊店),https://static.poptennis.com.cn/court/1768728941013gl3HCxVWEY.webp,31,1,15,上南路4467号至臻网球金谊店(金谊天...,31.152413,121.487951,,"[{""weekdays"": [1, 2, 3, 4, 5, 6, 7], ""start_time"": ""08:00"", ""end_time"": ""18:00""}]",[0],[0],{},4,102,这里不错,0.0,0,0
振狮七乐,https://static.poptennis.com.cn/court/1768728941013gl3HCxVWEY.webp,31,1,15,前滩体育公园西门西南240米上海民航...,31.147459,121.463181,,"[{""weekdays"": [1, 2, 3, 4, 5, 6, 7], ""start_time"": ""08:00"", ""end_time"": ""18:00""}]",[0],[1],{},2,117,这里不错,0.0,0,0
快网网球俱乐部(前滩体育公园店),https://static.poptennis.com.cn/court/1768728941013gl3HCxVWEY.webp,31,1,15,前滩大道735号前滩休闲公园,31.150864,121.466195,,"[{""weekdays"": [1, 2, 3, 4, 5, 6, 7], ""start_time"": ""08:00"", ""end_time"": ""18:00""}]",[0],[0],{},2,143,这里不错,0.0,0,0
沪动网球馆(真南路店),https://static.poptennis.com.cn/court/1768728941013gl3HCxVWEY.webp,31,1,7,真南路822弄455支弄,31.278619,121.38268,,"[{""weekdays"": [1, 2, 3, 4, 5, 6, 7], ""start_time"": ""08:00"", ""end_time"": ""18:00""}]",[0],[1],{},4,162,这里不错,0.0,0,0
决胜点网球(未来岛店),https://static.poptennis.com.cn/court/1768728941013gl3HCxVWEY.webp,31,1,7,绥德路613弄1号楼旁,31.264368,121.369776,,"[{""weekdays"": [1, 2, 3, 4, 5, 6, 7], ""start_time"": ""08:00"", ""end_time"": ""18:00""}]",[0],[0],{},2,140,这里不错,0.0,0,0
金鼎网球场,https://static.poptennis.com.cn/court/1768728941013gl3HCxVWEY.webp,31,1,7,金鼎路1500号,31.258761,121.372486,,"[{""weekdays"": [1, 2, 3, 4, 5, 6, 7], ""start_time"": ""08:00"", ""end_time"": ""18:00""}]",[0],[0],{},4,192,这里不错,0.0,0,0
十五分网球俱乐部,https://static.poptennis.com.cn/court/1768728941013gl3HCxVWEY.webp,31,1,7,普陀区铜川路1688号,31.252543,121.389051,,"[{""weekdays"": [1, 2, 3, 4, 5, 6, 7], ""start_time"": ""08:00"", ""end_time"": ""18:00""}]",[0],[0],{},1,108,这里不错,0.0,0,0
穿越致胜网球俱乐部(中环百联店),https://static.poptennis.com.cn/court/1768728941013gl3HCxVWEY.webp,31,1,7,真光路1288号中环百联5楼平台,31.245405,121.383714,,"[{""weekdays"": [1, 2, 3, 4, 5, 6, 7], ""start_time"": ""08:00"", ""end_time"": ""18:00""}]",[2],[0],{},3,104,这里不错,0.0,0,0
至臻网球(梅川店),https://static.poptennis.com.cn/court/1768728941013gl3HCxVWEY.webp,31,1,7,梅川路1318号至臻网球场(迪卡侬背面),31.243193,121.383696,,"[{""weekdays"": [1, 2, 3, 4, 5, 6, 7], ""start_time"": ""08:00"", ""end_time"": ""18:00""}]",[0],[1],{},4,147,这里不错,0.0,0,0
麦趣网球俱乐部(徐汇滨江店),https://static.poptennis.com.cn/court/1768728941013gl3HCxVWEY.webp,31,1,4,东安路562号绿地缤纷城6楼空中花园,31.184548,121.457706,,"[{""weekdays"": [1, 2, 3, 4, 5, 6, 7], ""start_time"": ""08:00"", ""end_time"": ""18:00""}]",[0],[1],{},1,147,这里不错,0.0,0,0
麦趣网球俱乐部(徐汇尚湾里店),https://static.poptennis.com.cn/court/1768728941013gl3HCxVWEY.webp,31,1,4,宛南实验幼儿园(瑞宁路816号)马路对面楼...,31.181853,121.458813,,"[{""weekdays"": [1, 2, 3, 4, 5, 6, 7], ""start_time"": ""08:00"", ""end_time"": ""18:00""}]",[0],[0],{},1,196,这里不错,0.0,0,0
DUECE TENNIS寻网网球·徐滨店,https://static.poptennis.com.cn/court/1768728941013gl3HCxVWEY.webp,31,1,4,瑞平路320号保利时光里B1-3132,31.181791,121.455678,,"[{""weekdays"": [1, 2, 3, 4, 5, 6, 7], ""start_time"": ""08:00"", ""end_time"": ""18:00""}]",[0],[1],{},3,175,这里不错,0.0,0,0
RING TENNIS 光环网球(徐汇店),https://static.poptennis.com.cn/court/1768728941013gl3HCxVWEY.webp,31,1,4,瑞平路230号保利时光里3楼天台,31.181571,121.455471,,"[{""weekdays"": [1, 2, 3, 4, 5, 6, 7], ""start_time"": ""08:00"", ""end_time"": ""18:00""}]",[0],[0],{},1,118,这里不错,0.0,0,0
瑞趣网球俱乐部(南站店),https://static.poptennis.com.cn/court/1768728941013gl3HCxVWEY.webp,31,1,4,石龙路730号(近上海长途客运南站2号门,31.152591,121.433298,,"[{""weekdays"": [1, 2, 3, 4, 5, 6, 7], ""start_time"": ""08:00"", ""end_time"": ""18:00""}]",[0],[1],{},1,127,这里不错,0.0,0,0
光圈网球×元気UP Tennis,https://static.poptennis.com.cn/court/1768728941013gl3HCxVWEY.webp,31,1,4,罗秀路1135号,31.12911,121.425903,,"[{""weekdays"": [1, 2, 3, 4, 5, 6, 7], ""start_time"": ""08:00"", ""end_time"": ""18:00""}]",[0],[0],{},4,186,这里不错,0.0,0,0
至臻网球(徐汇旗舰店),https://static.poptennis.com.cn/court/1768728941013gl3HCxVWEY.webp,31,1,4,平福路299-1号,31.136318,121.447693,,"[{""weekdays"": [1, 2, 3, 4, 5, 6, 7], ""start_time"": ""08:00"", ""end_time"": ""18:00""}]",[0],[1],{},6,141,这里不错,0.0,0,0
乐动力·西岸风之谷体育公园,https://static.poptennis.com.cn/court/1768728941013gl3HCxVWEY.webp,31,1,4,龙吴路1800号,31.132121,121.45575,,"[{""weekdays"": [1, 2, 3, 4, 5, 6, 7], ""start_time"": ""08:00"", ""end_time"": ""18:00""}]",[0],[1],{},6,168,这里不错,0.0,0,0
DF综合体育,https://static.poptennis.com.cn/court/1768728941013gl3HCxVWEY.webp,31,1,10,新江湾城政和路1038号门店,31.338597,121.517593,,"[{""weekdays"": [1, 2, 3, 4, 5, 6, 7], ""start_time"": ""08:00"", ""end_time"": ""18:00""}]",[0],[0],{},1,177,这里不错,0.0,0,0
快网网球俱乐部(杨浦运动健康促进中心公共运动场店),https://static.poptennis.com.cn/court/1768728941013gl3HCxVWEY.webp,31,1,10,淞沪路2100号SMP滑板公园东北门网球场,31.336037,121.512132,,"[{""weekdays"": [1, 2, 3, 4, 5, 6, 7], ""start_time"": ""08:00"", ""end_time"": ""18:00""}]",[0],[0],{},3,133,这里不错,0.0,0,0
瑞趣网球俱乐部(杨浦悠方店),https://static.poptennis.com.cn/court/1768728941013gl3HCxVWEY.webp,31,1,10,殷行路1388号悠方购物中心R6栋4楼网球场,31.329994,121.508465,,"[{""weekdays"": [1, 2, 3, 4, 5, 6, 7], ""start_time"": ""08:00"", ""end_time"": ""18:00""}]",[0],[1],{},1,113,这里不错,0.0,0,0
至臻网球·五角场店,https://static.poptennis.com.cn/court/1768728941013gl3HCxVWEY.webp,31,1,10,武东路32号海达工业园4号楼1楼,31.304215,121.499851,,"[{""weekdays"": [1, 2, 3, 4, 5, 6, 7], ""start_time"": ""08:00"", ""end_time"": ""18:00""}]",[0],[1],{},4,125,这里不错,0.0,0,0
极拍运动(安徒生网球馆),https://static.poptennis.com.cn/court/1768728941013gl3HCxVWEY.webp,31,1,10,国泓路200号(10号线殷高东路站4号口步行5...,31.323088,121.510529,,"[{""weekdays"": [1, 2, 3, 4, 5, 6, 7], ""start_time"": ""08:00"", ""end_time"": ""18:00""}]",[0],[1],{},2,165,这里不错,0.0,0,0
中原体育场,https://static.poptennis.com.cn/court/1768728941013gl3HCxVWEY.webp,31,1,10,开鲁路518-1号,31.325109,121.526812,,"[{""weekdays"": [1, 2, 3, 4, 5, 6, 7], ""start_time"": ""08:00"", ""end_time"": ""18:00""}]",[0],[0],{},2,199,这里不错,0.0,0,0
祥铭网球中心,https://static.poptennis.com.cn/court/1768728941013gl3HCxVWEY.webp,31,1,10,民京路781号祥铭城市运动中心四号馆祥铭网...,31.320002,121.520952,,"[{""weekdays"": [1, 2, 3, 4, 5, 6, 7], ""start_time"": ""08:00"", ""end_time"": ""18:00""}]",[0],[1],{},1,128,这里不错,0.0,0,0
光圈网球·HALOTENNIS (江湾草地店),https://static.poptennis.com.cn/court/1768728941013gl3HCxVWEY.webp,31,1,10,国和路346号江湾体育场,31.306622,121.516551,,"[{""weekdays"": [1, 2, 3, 4, 5, 6, 7], ""start_time"": ""08:00"", ""end_time"": ""18:00""}]",[2],[0],{},5,184,这里不错,0.0,0,0
快网网球俱乐部(江湾体育中心店),https://static.poptennis.com.cn/court/1768728941013gl3HCxVWEY.webp,31,1,10,国和路346号江湾体育场内,31.306834,121.518607,,"[{""weekdays"": [1, 2, 3, 4, 5, 6, 7], ""start_time"": ""08:00"", ""end_time"": ""18:00""}]",[0],"[1, 0]",{},4,159,这里不错,0.0,0,0
打开网球,https://static.poptennis.com.cn/court/1768728941013gl3HCxVWEY.webp,31,1,10,翔殷路1099号合生汇国际广场6楼(五号电梯...,31.299787,121.517962,,"[{""weekdays"": [1, 2, 3, 4, 5, 6, 7], ""start_time"": ""08:00"", ""end_time"": ""18:00""}]",[0],[0],{},1,164,这里不错,0.0,0,0
明星网球俱乐部,https://static.poptennis.com.cn/court/1768728941013gl3HCxVWEY.webp,31,1,10,民星路158号(和水实业园内),31.311586,121.552025,,"[{""weekdays"": [1, 2, 3, 4, 5, 6, 7], ""start_time"": ""08:00"", ""end_time"": ""18:00""}]",[0],[1],{},4,120,这里不错,0.0,0,0
泰荣苑,https://static.poptennis.com.cn/court/1768728941013gl3HCxVWEY.webp,31,1,5,水城路680弄,31.212065,121.392398,,"[{""weekdays"": [1, 2, 3, 4, 5, 6, 7], ""start_time"": ""08:00"", ""end_time"": ""18:00""}]",[0],[0],{},1,163,这里不错,0.0,0,0
至臻网球(古北店),https://static.poptennis.com.cn/court/1768728941013gl3HCxVWEY.webp,31,1,5,红宝石路533号古北花世界210室...,31.198206,121.400909,,"[{""weekdays"": [1, 2, 3, 4, 5, 6, 7], ""start_time"": ""08:00"", ""end_time"": ""18:00""}]",[0],[1],{},2,177,这里不错,0.0,0,0
金智塔网球中心(古北店),https://static.poptennis.com.cn/court/1768728941013gl3HCxVWEY.webp,31,1,5,虹桥街道古羊路717号,31.191034,121.402449,,"[{""weekdays"": [1, 2, 3, 4, 5, 6, 7], ""start_time"": ""08:00"", ""end_time"": ""18:00""}]",[0],[0],{},3,161,这里不错,0.0,0,0
企曾体育(原天辰俱乐部古北网球场),https://static.poptennis.com.cn/court/1768728941013gl3HCxVWEY.webp,31,1,5,富贵东道118号后面网球场,31.193206,121.406605,,"[{""weekdays"": [1, 2, 3, 4, 5, 6, 7], ""start_time"": ""08:00"", ""end_time"": ""18:00""}]",[0],[0],{},2,152,这里不错,0.0,0,0
七乐网球·古北店,https://static.poptennis.com.cn/court/1768728941013gl3HCxVWEY.webp,31,1,5,古羊路459号(姚虹路地铁旁),31.191882,121.409074,,"[{""weekdays"": [1, 2, 3, 4, 5, 6, 7], ""start_time"": ""08:00"", ""end_time"": ""18:00""}]",[0],[0],{},3,114,这里不错,0.0,0,0
拼搏体育网球俱乐部(新时空网球场),https://static.poptennis.com.cn/court/1768728941013gl3HCxVWEY.webp,31,1,5,汇川路99号新时空国际商务广场8楼,31.216844,121.417032,,"[{""weekdays"": [1, 2, 3, 4, 5, 6, 7], ""start_time"": ""08:00"", ""end_time"": ""18:00""}]",[0],[1],{},2,131,这里不错,0.0,0,0
华敏世纪广场,https://static.poptennis.com.cn/court/1768728941013gl3HCxVWEY.webp,31,1,5,延安西路688弄3号-16号,31.215892,121.434178,,"[{""weekdays"": [1, 2, 3, 4, 5, 6, 7], ""start_time"": ""08:00"", ""end_time"": ""18:00""}]",[0],[0],{},1,117,这里不错,0.0,0,0
长宁网球场,https://static.poptennis.com.cn/court/1768728941013gl3HCxVWEY.webp,31,1,5,华山路1038弄173号,31.212292,121.435976,,"[{""weekdays"": [1, 2, 3, 4, 5, 6, 7], ""start_time"": ""08:00"", ""end_time"": ""18:00""}]",[0],[0],{},3,200,这里不错,0.0,0,0
快网网球俱乐部(虹桥路店),https://static.poptennis.com.cn/court/1768728941013gl3HCxVWEY.webp,31,1,5,虹桥街道中山西路1279弄2号楼澳空间,31.192419,121.420538,,"[{""weekdays"": [1, 2, 3, 4, 5, 6, 7], ""start_time"": ""08:00"", ""end_time"": ""18:00""}]",[0],[0],{},1,167,这里不错,0.0,0,0
HGA网球俱乐部(体汇+名都体育公园店),https://static.poptennis.com.cn/court/1768728941013gl3HCxVWEY.webp,31,1,12,虹桥镇红松东路620号体汇+名都体育公园,31.189377,121.398873,,"[{""weekdays"": [1, 2, 3, 4, 5, 6, 7], ""start_time"": ""08:00"", ""end_time"": ""18:00""}]",[2],[0],{},2,101,这里不错,0.0,0,0
亦新网球俱乐部(光大会展室外店),https://static.poptennis.com.cn/court/1768728941013gl3HCxVWEY.webp,31,1,12,漕宝路82号上海光大会展中心E座4楼天台,31.16684,121.428238,,"[{""weekdays"": [1, 2, 3, 4, 5, 6, 7], ""start_time"": ""08:00"", ""end_time"": ""18:00""}]",[0],[0],{},2,156,这里不错,0.0,0,0
洛克公园网球馆(漕河泾商汤),https://static.poptennis.com.cn/court/1768728941013gl3HCxVWEY.webp,31,1,4,宜山路1101号,31.170554,121.399359,,"[{""weekdays"": [1, 2, 3, 4, 5, 6, 7], ""start_time"": ""08:00"", ""end_time"": ""18:00""}]",[0],[0],{},2,113,这里不错,0.0,0,0
七乐网球(徐汇田林店),https://static.poptennis.com.cn/court/1768728941013gl3HCxVWEY.webp,31,1,4,田林路130号锦和越界田林坊81栋(顶楼...,31.172023,121.414081,,"[{""weekdays"": [1, 2, 3, 4, 5, 6, 7], ""start_time"": ""08:00"", ""end_time"": ""18:00""}]",[0],[0],{},1,161,这里不错,0.0,0,0
田林体育俱乐部,https://static.poptennis.com.cn/court/1768728941013gl3HCxVWEY.webp,31,1,4,田林体育俱乐部东门旁,31.174981,121.428927,,"[{""weekdays"": [1, 2, 3, 4, 5, 6, 7], ""start_time"": ""08:00"", ""end_time"": ""18:00""}]",[0],[0],{},4,154,这里不错,0.0,0,0
上海光大会展中心网球场(沪动吧网球俱乐部,https://static.poptennis.com.cn/court/1768728941013gl3HCxVWEY.webp,31,1,4,漕宝路88号,31.167246,121.427147,,"[{""weekdays"": [1, 2, 3, 4, 5, 6, 7], ""start_time"": ""08:00"", ""end_time"": ""18:00""}]",[0],[1],{},1,162,这里不错,0.0,0,0
亦新网球俱乐部(光大会展室内店),https://static.poptennis.com.cn/court/1768728941013gl3HCxVWEY.webp,31,1,4,漕宝路82号上海光大会展中心E座4楼天台,31.16684,121.428238,,"[{""weekdays"": [1, 2, 3, 4, 5, 6, 7], ""start_time"": ""08:00"", ""end_time"": ""18:00""}]",[0],[1],{},1,196,这里不错,0.0,0,0
康东网球馆(室内红土场),https://static.poptennis.com.cn/court/1768728941013gl3HCxVWEY.webp,31,1,4,浦北路270号,31.155712,121.422258,,"[{""weekdays"": [1, 2, 3, 4, 5, 6, 7], ""start_time"": ""08:00"", ""end_time"": ""18:00""}]",[1],[1],{},3,132,这里不错,0.0,0,0
康东网球馆(室外硬地场),https://static.poptennis.com.cn/court/1768728941013gl3HCxVWEY.webp,31,1,4,浦北路270号,31.155712,121.422258,,"[{""weekdays"": [1, 2, 3, 4, 5, 6, 7], ""start_time"": ""08:00"", ""end_time"": ""18:00""}]",[0],[0],{},4,200,这里不错,0.0,0,0
汾阳花园酒店网球场,https://static.poptennis.com.cn/court/1768728941013gl3HCxVWEY.webp,31,1,4,汾阳路45号,31.212843,121.455178,,"[{""weekdays"": [1, 2, 3, 4, 5, 6, 7], ""start_time"": ""08:00"", ""end_time"": ""18:00""}]",[0],[0],{},1,102,这里不错,0.0,0,0
星际体城(吴兴路店),https://static.poptennis.com.cn/court/1768728941013gl3HCxVWEY.webp,31,1,4,吴兴路277号吴界1号楼15楼,31.199664,121.445908,,"[{""weekdays"": [1, 2, 3, 4, 5, 6, 7], ""start_time"": ""08:00"", ""end_time"": ""18:00""}]",[0],[0],{},1,147,这里不错,0.0,0,0
星际体城(文定路店-室外网球场),https://static.poptennis.com.cn/court/1768728941013gl3HCxVWEY.webp,31,1,4,文定路218号B栋5楼,31.185821,121.431654,,"[{""weekdays"": [1, 2, 3, 4, 5, 6, 7], ""start_time"": ""08:00"", ""end_time"": ""18:00""}]",[0],[0],{},5,196,这里不错,0.0,0,0
越界全景网球场,https://static.poptennis.com.cn/court/1768728941013gl3HCxVWEY.webp,31,1,4,凯旋路2588号锦和越界原力方屋顶,31.185263,121.429572,,"[{""weekdays"": [1, 2, 3, 4, 5, 6, 7], ""start_time"": ""08:00"", ""end_time"": ""18:00""}]",[2],[0],{},1,175,这里不错,0.0,0,0
徐家汇体育公园综合馆·室外场,https://static.poptennis.com.cn/court/1768728941013gl3HCxVWEY.webp,31,1,4,漕溪北路1111号,31.18096,121.439,,"[{""weekdays"": [1, 2, 3, 4, 5, 6, 7], ""start_time"": ""08:00"", ""end_time"": ""18:00""}]",[0],[0],{},4,171,这里不错,0.0,0,0
奉城镇第一体育公共运动场,https://static.poptennis.com.cn/court/1768728941013gl3HCxVWEY.webp,31,1,4,江阴路泰方社区,31.217087,121.491552,,"[{""weekdays"": [1, 2, 3, 4, 5, 6, 7], ""start_time"": ""08:00"", ""end_time"": ""18:00""}]",[0],[0],{},1,108,这里不错,0.0,0,0
WoW Tennis 沃梧网球,https://static.poptennis.com.cn/court/1768728941013gl3HCxVWEY.webp,31,1,4,嘉善路508号1号楼10楼,31.204611,121.459612,,"[{""weekdays"": [1, 2, 3, 4, 5, 6, 7], ""start_time"": ""08:00"", ""end_time"": ""18:00""}]",[0],[0],{},3,179,这里不错,0.0,0,0
陕西南路888俱乐部,https://static.poptennis.com.cn/court/1768728941013gl3HCxVWEY.webp,31,1,4,陕西南路888弄1号楼8楼顶层,31.204203,121.461516,,"[{""weekdays"": [1, 2, 3, 4, 5, 6, 7], ""start_time"": ""08:00"", ""end_time"": ""18:00""}]",[0],[0],{},1,192,这里不错,0.0,0,0
至臻网球(曹杨店),https://static.poptennis.com.cn/court/1768728941013gl3HCxVWEY.webp,31,1,7,曹杨路520号至臻网球,31.237693,121.419263,,"[{""weekdays"": [1, 2, 3, 4, 5, 6, 7], ""start_time"": ""08:00"", ""end_time"": ""18:00""}]",[0],[1],{},2,155,这里不错,0.0,0,0
四方体育中心网球馆(苏堤春晓名苑网球场)-,https://static.poptennis.com.cn/court/1768728941013gl3HCxVWEY.webp,31,1,7,长寿路800弄,31.238325,121.430104,,"[{""weekdays"": [1, 2, 3, 4, 5, 6, 7], ""start_time"": ""08:00"", ""end_time"": ""18:00""}]",[0],[0],{},1,190,这里不错,0.0,0,0
静安区工人体育场,https://static.poptennis.com.cn/court/1768728941013gl3HCxVWEY.webp,31,1,6,昌平路888号,31.233734,121.439565,,"[{""weekdays"": [1, 2, 3, 4, 5, 6, 7], ""start_time"": ""08:00"", ""end_time"": ""18:00""}]",[0],[0],{},2,152,这里不错,0.0,0,0
星空网球俱乐部,https://static.poptennis.com.cn/court/1768728941013gl3HCxVWEY.webp,31,1,6,大田路555号,31.239226,121.460839,,"[{""weekdays"": [1, 2, 3, 4, 5, 6, 7], ""start_time"": ""08:00"", ""end_time"": ""18:00""}]",[0],[0],{},2,156,这里不错,0.0,0,0
1877网球俱乐部(静安嘉里店),https://static.poptennis.com.cn/court/1768728941013gl3HCxVWEY.webp,31,1,6,南京西路1515号静安嘉里中心商场东区3楼...,31.224105,121.450059,,"[{""weekdays"": [1, 2, 3, 4, 5, 6, 7], ""start_time"": ""08:00"", ""end_time"": ""18:00""}]",[0],[0],{},1,174,这里不错,0.0,0,0
静安区体育馆,https://static.poptennis.com.cn/court/1768728941013gl3HCxVWEY.webp,31,1,6,南阳路123号,31.227973,121.451445,,"[{""weekdays"": [1, 2, 3, 4, 5, 6, 7], ""start_time"": ""08:00"", ""end_time"": ""18:00""}]",[0],[1],{},2,123,这里不错,0.0,0,0
内啡肽(七浦路店),https://static.poptennis.com.cn/court/1768728941013gl3HCxVWEY.webp,31,1,6,河南北路99号,31.244303,121.481514,,"[{""weekdays"": [1, 2, 3, 4, 5, 6, 7], ""start_time"": ""08:00"", ""end_time"": ""18:00""}]",[0],[0],{},1,178,这里不错,0.0,0,0
3L Tennis(七浦路店),https://static.poptennis.com.cn/court/1768728941013gl3HCxVWEY.webp,31,1,6,七浦路488号白马高级服装市场3楼楼顶平台,31.245404,121.477465,,"[{""weekdays"": [1, 2, 3, 4, 5, 6, 7], ""start_time"": ""08:00"", ""end_time"": ""18:00""}]",[0],[0],{},1,180,这里不错,0.0,0,0
Best U网球中心(花园饭店),https://static.poptennis.com.cn/court/1768728941013gl3HCxVWEY.webp,31,1,1,茂名南路58号(进花园饭店大门直走到底...,31.219809,121.45991,,"[{""weekdays"": [1, 2, 3, 4, 5, 6, 7], ""start_time"": ""08:00"", ""end_time"": ""18:00""}]",[0],[0],{},2,128,这里不错,0.0,0,0
卢湾网球中心·室外场,https://static.poptennis.com.cn/court/1768728941013gl3HCxVWEY.webp,31,1,1,肇嘉浜路128号(卢湾体育馆内近陕西南路),31.204289,121.46435,,"[{""weekdays"": [1, 2, 3, 4, 5, 6, 7], ""start_time"": ""08:00"", ""end_time"": ""18:00""}]",[0],[0],{},4,183,这里不错,0.0,0,0
卢湾网球中心·室内馆,https://static.poptennis.com.cn/court/1768728941013gl3HCxVWEY.webp,31,1,1,肇嘉浜路128号(卢湾体育馆内近陕西南路),31.204289,121.46435,,"[{""weekdays"": [1, 2, 3, 4, 5, 6, 7], ""start_time"": ""08:00"", ""end_time"": ""18:00""}]",[0],[1],{},2,191,这里不错,0.0,0,0
Bund Tennis 邦德网球(新天地店)·翠湖天地御苑会所,https://static.poptennis.com.cn/court/1768728941013gl3HCxVWEY.webp,31,1,1,顺昌路168弄10号翠湖天地御苑会所B2,31.218565,121.477954,,"[{""weekdays"": [1, 2, 3, 4, 5, 6, 7], ""start_time"": ""08:00"", ""end_time"": ""18:00""}]",[0],[1],{},1,143,这里不错,0.0,0,0
白玉兰网球中心,https://static.poptennis.com.cn/court/1768728941013gl3HCxVWEY.webp,31,1,9,东长治路588号,31.248918,121.497759,,"[{""weekdays"": [1, 2, 3, 4, 5, 6, 7], ""start_time"": ""08:00"", ""end_time"": ""18:00""}]",[0],"[1, 0]",{},4,147,这里不错,0.0,0,0
